url,uni,aca,name
http://www.me.buaa.edu.cn/yjspy/bssdsjs/79322.htm, 北京航空航天大学,机械工程及自动化学院,张彦华
http://www.me.buaa.edu.cn/yjspy/bssdsjs/79324.htm, 北京航空航天大学,机械工程及自动化学院,齐铂金
http://www.me.buaa.edu.cn/yjspy/bssdsjs/80931.htm, 北京航空航天大学,机械工程及自动化学院,王田苗
http://www.me.buaa.edu.cn/yjspy/bssdsjs/79396.htm, 北京航空航天大学,机械工程及自动化学院,张德远
http://www.me.buaa.edu.cn/yjspy/bssdsjs/80937.htm, 北京航空航天大学,机械工程及自动化学院,张玉茹
http://www.me.buaa.edu.cn/yjspy/bssdsjs/79328.htm, 北京航空航天大学,机械工程及自动化学院,陈五一
http://www.me.buaa.edu.cn/szll/qtjg/71808.htm, 北京航空航天大学,机械工程及自动化学院,付永领
http://www.me.buaa.edu.cn/yjspy/bssdsjs/79331.htm, 北京航空航天大学,机械工程及自动化学院,席　平
http://www.me.buaa.edu.cn/yjspy/bssdsjs/79329.htm, 北京航空航天大学,机械工程及自动化学院,李晓星
http://www.me.buaa.edu.cn/yjspy/bssdsjs/80936.htm, 北京航空航天大学,机械工程及自动化学院,张以都
http://www.me.buaa.edu.cn/yjspy/bssdsjs/79398.htm, 北京航空航天大学,机械工程及自动化学院,乔立红
http://www.me.buaa.edu.cn/yjspy/bssdsjs/79340.htm, 北京航空航天大学,机械工程及自动化学院,刘继红
http://www.me.buaa.edu.cn/yjspy/bssdsjs/79330.htm, 北京航空航天大学,机械工程及自动化学院,万　敏
http://www.me.buaa.edu.cn/yjspy/bssdsjs/79394.htm, 北京航空航天大学,机械工程及自动化学院,刘　强
http://www.me.buaa.edu.cn/yjspy/bssdsjs/80935.htm, 北京航空航天大学,机械工程及自动化学院,贠　超
http://www.me.buaa.edu.cn/yjspy/sssdsjs/81247.htm, 北京航空航天大学,机械工程及自动化学院,王之栎
http://www.me.buaa.edu.cn/yjspy/bssdsjs/80930.htm, 北京航空航天大学,机械工程及自动化学院,王春洁
http://www.me.buaa.edu.cn/yjspy/bssdsjs/79327.htm, 北京航空航天大学,机械工程及自动化学院,周正干
http://www.me.buaa.edu.cn/yjspy/bssdsjs/79399.htm, 北京航空航天大学,机械工程及自动化学院,杨建军
http://www.me.buaa.edu.cn/yjspy/sssdsjs/82397.htm, 北京航空航天大学,机械工程及自动化学院,张建斌
http://www.me.buaa.edu.cn/yjspy/bssdsjs/79339.htm, 北京航空航天大学,机械工程及自动化学院,李东升
http://www.me.buaa.edu.cn/yjspy/sssdsjs/80968.htm, 北京航空航天大学,机械工程及自动化学院,毕树生
http://www.me.buaa.edu.cn/yjspy/bssdsjs/80940.htm, 北京航空航天大学,机械工程及自动化学院,陈殿生
http://www.me.buaa.edu.cn/yjspy/bssdsjs/79338.htm, 北京航空航天大学,机械工程及自动化学院,郑国磊
http://www.me.buaa.edu.cn/yjspy/bssdsjs/79397.htm, 北京航空航天大学,机械工程及自动化学院,王延忠
http://www.me.buaa.edu.cn/yjspy/sssdsjs/81004.htm, 北京航空航天大学,机械工程及自动化学院,刘静华
http://www.me.buaa.edu.cn/yjspy/sssdsjs/81237.htm, 北京航空航天大学,机械工程及自动化学院,郭卫东
http://www.me.buaa.edu.cn/yjspy/bssdsjs/80927.htm, 北京航空航天大学,机械工程及自动化学院,丁希仑
http://www.me.buaa.edu.cn/yjspy/bssdsjs/79342.htm, 北京航空航天大学,机械工程及自动化学院,郎利辉
http://www.me.buaa.edu.cn/yjspy/sssdsjs/81236.htm, 北京航空航天大学,机械工程及自动化学院,樊　锐
http://www.me.buaa.edu.cn/yjspy/bssdsjs/80928.htm, 北京航空航天大学,机械工程及自动化学院,刘　荣
http://www.me.buaa.edu.cn/yjspy/bssdsjs/80901.htm, 北京航空航天大学,机械工程及自动化学院,丑武胜
http://www.me.buaa.edu.cn/yjspy/sssdsjs/81241.htm, 北京航空航天大学,机械工程及自动化学院,李　青
http://www.me.buaa.edu.cn/yjspy/bssdsjs/80874.htm, 北京航空航天大学,机械工程及自动化学院,段桂江
http://www.me.buaa.edu.cn/yjspy/bssdsjs/80933.htm, 北京航空航天大学,机械工程及自动化学院,杨　洋
http://www.me.buaa.edu.cn/yjspy/bssdsjs/79400.htm, 北京航空航天大学,机械工程及自动化学院,陈志同
http://www.me.buaa.edu.cn/yjspy/sssdsjs/94599.htm, 北京航空航天大学,机械工程及自动化学院,李刘合
http://www.me.buaa.edu.cn/yjspy/bssdsjs/80925.htm, 北京航空航天大学,机械工程及自动化学院,战　强
http://www.me.buaa.edu.cn/yjspy/bssdsjs/80876.htm, 北京航空航天大学,机械工程及自动化学院,郑联语
http://www.me.buaa.edu.cn/yjspy/bssdsjs/80875.htm, 北京航空航天大学,机械工程及自动化学院,袁松梅
http://www.me.buaa.edu.cn/yjspy/bssdsjs/80932.htm, 北京航空航天大学,机械工程及自动化学院,王　巍
http://www.me.buaa.edu.cn/yjspy/sssdsjs/81261.htm, 北京航空航天大学,机械工程及自动化学院,魏洪兴
http://www.me.buaa.edu.cn/yjspy/bssdsjs/80873.htm, 北京航空航天大学,机械工程及自动化学院,蔡　军
http://www.me.buaa.edu.cn/yjspy/bssdsjs/80934.htm, 北京航空航天大学,机械工程及自动化学院,于靖军
http://www.me.buaa.edu.cn/yjspy/bssdsjs/84442.htm, 北京航空航天大学,机械工程及自动化学院,陈华伟
http://www.me.buaa.edu.cn/szll/qtjg/71819.htm, 北京航空航天大学,机械工程及自动化学院,刘方军
http://www.me.buaa.edu.cn/yjspy/sssdsjs/81009.htm, 北京航空航天大学,机械工程及自动化学院,李秀琴
http://www.me.buaa.edu.cn/yjspy/sssdsjs/94595.htm, 北京航空航天大学,机械工程及自动化学院,宁　涛
http://www.me.buaa.edu.cn/yjspy/sssdsjs/81120.htm, 北京航空航天大学,机械工程及自动化学院,郭连水
http://www.me.buaa.edu.cn/yjspy/sssdsjs/81118.htm, 北京航空航天大学,机械工程及自动化学院,夏继强
http://www.me.buaa.edu.cn/yjspy/sssdsjs/81116.htm, 北京航空航天大学,机械工程及自动化学院,马　纲
http://www.me.buaa.edu.cn/yjspy/sssdsjs/80978.htm, 北京航空航天大学,机械工程及自动化学院,王秀凤
http://www.me.buaa.edu.cn/yjspy/sssdsjs/81115.htm, 北京航空航天大学,机械工程及自动化学院,祁晓野
http://www.me.buaa.edu.cn/yjspy/sssdsjs/81114.htm, 北京航空航天大学,机械工程及自动化学院,肖立峰
http://www.me.buaa.edu.cn/yjspy/sssdsjs/81113.htm, 北京航空航天大学,机械工程及自动化学院,王美清
http://www.me.buaa.edu.cn/yjspy/sssdsjs/93630.htm, 北京航空航天大学,机械工程及自动化学院,王玉慧
http://www.me.buaa.edu.cn/yjspy/sssdsjs/81109.htm, 北京航空航天大学,机械工程及自动化学院,胡少兴
http://www.me.buaa.edu.cn/yjspy/sssdsjs/81000.htm, 北京航空航天大学,机械工程及自动化学院,马良书
http://www.me.buaa.edu.cn/yjspy/sssdsjs/81105.htm, 北京航空航天大学,机械工程及自动化学院,徐　颖
http://www.me.buaa.edu.cn/yjspy/bssdsjs/84446.htm, 北京航空航天大学,机械工程及自动化学院,杨　民
http://www.me.buaa.edu.cn/yjspy/sssdsjs/81102.htm, 北京航空航天大学,机械工程及自动化学院,高志慧
http://www.me.buaa.edu.cn/yjspy/sssdsjs/80959.htm, 北京航空航天大学,机械工程及自动化学院,金朝海
http://www.me.buaa.edu.cn/yjspy/sssdsjs/81099.htm, 北京航空航天大学,机械工程及自动化学院,刘　达
http://www.me.buaa.edu.cn/yjspy/sssdsjs/88784.htm, 北京航空航天大学,机械工程及自动化学院,林梦香
http://www.me.buaa.edu.cn/yjspy/sssdsjs/81093.htm, 北京航空航天大学,机械工程及自动化学院,杜福洲
http://www.me.buaa.edu.cn/yjspy/sssdsjs/81227.htm, 北京航空航天大学,机械工程及自动化学院,李小强
http://www.me.buaa.edu.cn/yjspy/sssdsjs/81091.htm, 北京航空航天大学,机械工程及自动化学院,吴　琼
http://www.me.buaa.edu.cn/yjspy/sssdsjs/81089.htm, 北京航空航天大学,机械工程及自动化学院,韩先国
http://www.me.buaa.edu.cn/yjspy/sssdsjs/81085.htm, 北京航空航天大学,机械工程及自动化学院,梁建宏
http://www.me.buaa.edu.cn/yjspy/sssdsjs/80982.htm, 北京航空航天大学,机械工程及自动化学院,闫光荣 
http://www.me.buaa.edu.cn/yjspy/sssdsjs/80985.htm, 北京航空航天大学,机械工程及自动化学院,张　俐
http://www.me.buaa.edu.cn/yjspy/sssdsjs/81081.htm, 北京航空航天大学,机械工程及自动化学院,王亚平
http://www.me.buaa.edu.cn/yjspy/sssdsjs/81079.htm, 北京航空航天大学,机械工程及自动化学院,李大寨
http://www.me.buaa.edu.cn/yjspy/sssdsjs/81078.htm, 北京航空航天大学,机械工程及自动化学院,胡　磊
http://www.me.buaa.edu.cn/yjspy/sssdsjs/81249.htm, 北京航空航天大学,机械工程及自动化学院,裴　旭
http://www.me.buaa.edu.cn/yjspy/sssdsjs/81281.htm, 北京航空航天大学,机械工程及自动化学院,杨毅青
http://www.me.buaa.edu.cn/yjspy/sssdsjs/80943.htm, 北京航空航天大学,机械工程及自动化学院,从保强
http://www.me.buaa.edu.cn/yjspy/sssdsjs/81287.htm, 北京航空航天大学,机械工程及自动化学院,张武翔
http://www.me.buaa.edu.cn/yjspy/sssdsjs/88786.htm, 北京航空航天大学,机械工程及自动化学院,彭  鹏
http://www.me.buaa.edu.cn/yjspy/sssdsjs/81250.htm, 北京航空航天大学,机械工程及自动化学院,彭　翀
http://www.me.buaa.edu.cn/yjspy/sssdsjs/80977.htm, 北京航空航天大学,机械工程及自动化学院,王  伟
http://www.me.buaa.edu.cn/yjspy/sssdsjs/81242.htm, 北京航空航天大学,机械工程及自动化学院,李  勋
http://www.me.buaa.edu.cn/yjspy/sssdsjs/95589.htm, 北京航空航天大学,机械工程及自动化学院,冯  林
http://www.me.buaa.edu.cn/yjspy/sssdsjs/81240.htm, 北京航空航天大学,机械工程及自动化学院,李光军
http://www.me.buaa.edu.cn/szll/qtjg/71805.htm, 北京航空航天大学,机械工程及自动化学院,陈　娟
http://www.me.buaa.edu.cn/yjspy/sssdsjs/81286.htm, 北京航空航天大学,机械工程及自动化学院,张　融
http://www.me.buaa.edu.cn/yjspy/sssdsjs/81245.htm, 北京航空航天大学,机械工程及自动化学院,刘艳强
http://www.me.buaa.edu.cn/yjspy/sssdsjs/81243.htm, 北京航空航天大学,机械工程及自动化学院,刘冠阳
http://www.me.buaa.edu.cn/yjspy/sssdsjs/81262.htm, 北京航空航天大学,机械工程及自动化学院,魏　巍
http://www.me.buaa.edu.cn/yjspy/sssdsjs/81252.htm, 北京航空航天大学,机械工程及自动化学院,孙剑飞
http://www.me.buaa.edu.cn/yjspy/sssdsjs/81258.htm, 北京航空航天大学,机械工程及自动化学院,王　伟
http://www.me.buaa.edu.cn/yjspy/sssdsjs/80956.htm, 北京航空航天大学,机械工程及自动化学院,陈甜甜
http://www.me.buaa.edu.cn/yjspy/sssdsjs/94687.htm, 北京航空航天大学,机械工程及自动化学院,史震云
http://saee.ustb.edu.cn/quantijiaoshi/2015-05-08/9.html,  北京科技大学,自动化系,崔家瑞
http://saee.ustb.edu.cn/quantijiaoshi/2015-05-12/50.html,  北京科技大学,自动化系,陈先中
http://saee.ustb.edu.cn/quantijiaoshi/2015-05-12/51.html,  北京科技大学,自动化系,迟健男
http://saee.ustb.edu.cn/quantijiaoshi/2015-05-12/58.html,  北京科技大学,自动化系,陈 静
http://saee.ustb.edu.cn/quantijiaoshi/2015-12-08/93.html,  北京科技大学,自动化系,陈旭
http://saee.ustb.edu.cn/quantijiaoshi/2015-05-12/26.html,  北京科技大学,自动化系,董 洁
http://saee.ustb.edu.cn/quantijiaoshi/2015-05-12/28.html,  北京科技大学,自动化系,董冀媛
http://saee.ustb.edu.cn/quantijiaoshi/2015-05-12/45.html,  北京科技大学,自动化系,丁大伟
http://saee.ustb.edu.cn/quantijiaoshi/2015-05-12/24.html,  北京科技大学,自动化系,付冬梅
http://saee.ustb.edu.cn/quantijiaoshi/2015-12-08/94.html,  北京科技大学,自动化系,冯涛
http://saee.ustb.edu.cn/quantijiaoshi/2015-05-08/17.html,  北京科技大学,自动化系,谷宇
http://saee.ustb.edu.cn/quantijiaoshi/2017-01-05/109.html,  北京科技大学,自动化系,郭祥贵
http://saee.ustb.edu.cn/quantijiaoshi/2015-05-12/68.html,  北京科技大学,自动化系,高海
http://saee.ustb.edu.cn/quantijiaoshi/2015-10-09/82.html,  北京科技大学,自动化系,郭峰
http://saee.ustb.edu.cn/quantijiaoshi/2015-10-18/89.html,  北京科技大学,自动化系,郭金
http://saee.ustb.edu.cn/quantijiaoshi/2015-05-08/15.html,  北京科技大学,自动化系, 胡广大
http://saee.ustb.edu.cn/quantijiaoshi/2015-05-12/22.html,  北京科技大学,自动化系,韩宁宁
http://saee.ustb.edu.cn/quantijiaoshi/2015-05-12/47.html,  北京科技大学,自动化系,郝彦爽
http://saee.ustb.edu.cn/quantijiaoshi/2015-05-12/52.html,  北京科技大学,自动化系,侯庆文
http://saee.ustb.edu.cn/quantijiaoshi/2015-10-09/81.html,  北京科技大学,自动化系,贺威
http://saee.ustb.edu.cn/quantijiaoshi/2015-10-18/87.html,  北京科技大学,自动化系,胡艳艳
http://saee.ustb.edu.cn/quantijiaoshi/2015-05-12/29.html,  北京科技大学,自动化系,景鹏
http://saee.ustb.edu.cn/quantijiaoshi/2016-09-18/107.html,  北京科技大学,自动化系,贾永楠
http://saee.ustb.edu.cn/quantijiaoshi/2015-05-12/53.html,  北京科技大学,自动化系,康瑞清
http://saee.ustb.edu.cn/quantijiaoshi/2015-05-08/5.html,  北京科技大学,自动化系,鲁亿方
http://saee.ustb.edu.cn/quantijiaoshi/2015-10-18/84.html,  北京科技大学,自动化系,刘冀伟
http://saee.ustb.edu.cn/quantijiaoshi/2015-05-12/19.html,  北京科技大学,自动化系,刘德荣
http://saee.ustb.edu.cn/quantijiaoshi/2017-04-24/110.html,  北京科技大学,自动化系,刘皓挺
http://saee.ustb.edu.cn/quantijiaoshi/2015-05-12/25.html,  北京科技大学,自动化系,刘 丽
http://saee.ustb.edu.cn/quantijiaoshi/2015-05-12/30.html,  北京科技大学,自动化系,李果
http://saee.ustb.edu.cn/quantijiaoshi/2015-05-12/31.html,  北京科技大学,自动化系,李擎
http://saee.ustb.edu.cn/quantijiaoshi/2015-05-12/32.html,  北京科技大学,自动化系,李晓理
http://saee.ustb.edu.cn/quantijiaoshi/2015-05-12/33.html,  北京科技大学,自动化系, 刘 涛
http://saee.ustb.edu.cn/quantijiaoshi/2015-05-12/48.html,  北京科技大学,自动化系,李希胜
http://saee.ustb.edu.cn/quantijiaoshi/2015-05-12/54.html,  北京科技大学,自动化系,蓝金辉
http://saee.ustb.edu.cn/quantijiaoshi/2015-05-12/59.html,  北京科技大学,自动化系, 刘磊明
http://saee.ustb.edu.cn/quantijiaoshi/2015-05-12/60.html,  北京科技大学,自动化系,刘蕴络
http://saee.ustb.edu.cn/quantijiaoshi/2015-05-12/69.html,  北京科技大学,自动化系,李江昀
http://saee.ustb.edu.cn/quantijiaoshi/2015-05-12/70.html,  北京科技大学,自动化系,刘 艳
http://saee.ustb.edu.cn/quantijiaoshi/2015-12-08/92.html,  北京科技大学,自动化系,栗辉
http://saee.ustb.edu.cn/quantijiaoshi/2016-04-25/105.html,  北京科技大学,自动化系,李玉玲
http://saee.ustb.edu.cn/quantijiaoshi/2016-09-21/108.html,  北京科技大学,自动化系,李琳琳
http://saee.ustb.edu.cn/quantijiaoshi/2015-05-12/34.html,  北京科技大学,自动化系,穆志纯
http://saee.ustb.edu.cn/quantijiaoshi/2015-10-09/78.html,  北京科技大学,自动化系,马超
http://saee.ustb.edu.cn/quantijiaoshi/2015-10-18/83.html,  北京科技大学,自动化系,潘月斗
http://saee.ustb.edu.cn/quantijiaoshi/2015-05-12/71.html,  北京科技大学,自动化系,彭开香
http://saee.ustb.edu.cn/quantijiaoshi/2015-05-08/16.html,  北京科技大学,自动化系,乔红
http://saee.ustb.edu.cn/quantijiaoshi/2015-05-08/4.html,  北京科技大学,自动化系,任向实
http://saee.ustb.edu.cn/quantijiaoshi/2015-05-08/12.html,  北京科技大学,自动化系,  宋睿卓
http://saee.ustb.edu.cn/quantijiaoshi/2015-05-08/14.html,  北京科技大学,自动化系,  孙长银
http://saee.ustb.edu.cn/quantijiaoshi/2015-05-12/35.html,  北京科技大学,自动化系,石中锁
http://saee.ustb.edu.cn/quantijiaoshi/2015-05-12/36.html,  北京科技大学,自动化系,孙昌国
http://saee.ustb.edu.cn/quantijiaoshi/2015-05-12/37.html,  北京科技大学,自动化系,孙 铁
http://saee.ustb.edu.cn/quantijiaoshi/2015-05-12/41.html,  北京科技大学,自动化系,邵立珍
http://saee.ustb.edu.cn/quantijiaoshi/2015-05-12/55.html,  北京科技大学,自动化系,舒雄鹰
http://saee.ustb.edu.cn/quantijiaoshi/2015-05-12/61.html,  北京科技大学,自动化系,史雪飞
http://saee.ustb.edu.cn/quantijiaoshi/2015-10-09/75.html,  北京科技大学,自动化系,孙乐殿
http://saee.ustb.edu.cn/quantijiaoshi/2015-05-12/72.html,  北京科技大学,自动化系,童朝南
http://saee.ustb.edu.cn/quantijiaoshi/2015-10-18/85.html,  北京科技大学,自动化系,吴华怡
http://saee.ustb.edu.cn/quantijiaoshi/2015-05-12/38.html,  北京科技大学,自动化系,王丽君
http://saee.ustb.edu.cn/quantijiaoshi/2015-05-12/39.html,  北京科技大学,自动化系,王 莉
http://saee.ustb.edu.cn/quantijiaoshi/2015-05-12/40.html,  北京科技大学,自动化系,王玲
http://saee.ustb.edu.cn/quantijiaoshi/2015-05-12/62.html,  北京科技大学,自动化系, 王粉花
http://saee.ustb.edu.cn/quantijiaoshi/2015-05-12/63.html,  北京科技大学,自动化系,王 宏
http://saee.ustb.edu.cn/quantijiaoshi/2015-05-12/64.html,  北京科技大学,自动化系,王新平
http://saee.ustb.edu.cn/quantijiaoshi/2015-05-12/65.html,  北京科技大学,自动化系,伍春洪
http://saee.ustb.edu.cn/quantijiaoshi/2016-09-08/106.html,  北京科技大学,自动化系,魏清阳
http://saee.ustb.edu.cn/quantijiaoshi/2015-10-18/88.html,  北京科技大学,自动化系,王俊伟
http://saee.ustb.edu.cn/quantijiaoshi/2015-12-11/102.html,  北京科技大学,自动化系,王国霞
http://saee.ustb.edu.cn/quantijiaoshi/2015-05-12/18.html,  北京科技大学,自动化系,忻欣
http://saee.ustb.edu.cn/quantijiaoshi/2015-05-12/42.html,  北京科技大学,自动化系,徐正光
http://saee.ustb.edu.cn/quantijiaoshi/2015-05-12/66.html,  北京科技大学,自动化系, 薛燕
http://saee.ustb.edu.cn/quantijiaoshi/2015-10-09/76.html,  北京科技大学,自动化系,薛彪
http://saee.ustb.edu.cn/quantijiaoshi/2015-10-09/80.html,  北京科技大学,自动化系,肖文栋
http://saee.ustb.edu.cn/quantijiaoshi/2015-12-08/95.html,  北京科技大学,自动化系,徐银梅
http://saee.ustb.edu.cn/quantijiaoshi/2015-05-08/8.html,  北京科技大学,自动化系,杨淑华
http://saee.ustb.edu.cn/quantijiaoshi/2015-05-08/11.html,  北京科技大学,自动化系,   尤佳
http://saee.ustb.edu.cn/quantijiaoshi/2015-05-12/44.html,  北京科技大学,自动化系,杨 旭
http://saee.ustb.edu.cn/quantijiaoshi/2015-05-12/46.html,  北京科技大学,自动化系,袁 立
http://saee.ustb.edu.cn/quantijiaoshi/2015-05-12/73.html,  北京科技大学,自动化系,杨卫东
http://saee.ustb.edu.cn/quantijiaoshi/2015-09-23/74.html,  北京科技大学,自动化系,尹怡欣
http://saee.ustb.edu.cn/quantijiaoshi/2015-10-18/86.html,  北京科技大学,自动化系,余瑶
http://saee.ustb.edu.cn/quantijiaoshi/2015-12-08/96.html,  北京科技大学,自动化系,元佳聪
http://saee.ustb.edu.cn/quantijiaoshi/2015-12-08/101.html,  北京科技大学,自动化系,杨守功
http://saee.ustb.edu.cn/quantijiaoshi/2015-12-11/104.html,  北京科技大学,自动化系,阎群
http://saee.ustb.edu.cn/quantijiaoshi/2015-05-08/7.html,  北京科技大学,自动化系, 张笑菲
http://saee.ustb.edu.cn/quantijiaoshi/2015-05-08/13.html,  北京科技大学,自动化系,张森
http://saee.ustb.edu.cn/quantijiaoshi/2015-05-12/21.html,  北京科技大学,自动化系,赵 清
http://saee.ustb.edu.cn/quantijiaoshi/2015-05-12/23.html,  北京科技大学,自动化系,曾慧
http://saee.ustb.edu.cn/quantijiaoshi/2015-05-12/27.html,  北京科技大学,自动化系,张维存
http://saee.ustb.edu.cn/quantijiaoshi/2015-05-12/43.html,  北京科技大学,自动化系,张 崎
http://saee.ustb.edu.cn/quantijiaoshi/2015-05-12/49.html,  北京科技大学,自动化系,赵小燕
http://saee.ustb.edu.cn/quantijiaoshi/2015-05-12/56.html,  北京科技大学,自动化系,张朝晖
http://saee.ustb.edu.cn/quantijiaoshi/2015-05-12/57.html,  北京科技大学,自动化系,左 昉
http://saee.ustb.edu.cn/quantijiaoshi/2015-05-12/67.html,  北京科技大学,自动化系,张 兰
http://saee.ustb.edu.cn/quantijiaoshi/2015-10-09/77.html,  北京科技大学,自动化系,张艳玲
http://saee.ustb.edu.cn/quantijiaoshi/2015-10-09/79.html,  北京科技大学,自动化系,曾溢良
http://saee.ustb.edu.cn/quantijiaoshi/2015-11-03/90.html,  北京科技大学,自动化系,赵宝永
http://saee.ustb.edu.cn/quantijiaoshi/2017-04-25/111.html,  北京科技大学,自动化系,张玉珍
http://saee.ustb.edu.cn/quantijiaoshi/2015-12-08/98.html,  北京科技大学,自动化系,曾艳
http://ac.bit.edu.cn/szdw/jsdw/kzllykzgcyjs/zs_20150204133029233086/index.htm, 北京理工大学,自动化学院,伍清河
http://ac.bit.edu.cn/szdw/jsdw/kzllykzgcyjs/zs/index.htm, 北京理工大学,自动化学院,郭树理
http://ac.bit.edu.cn/szdw/jsdw/kzllykzgcyjs/zs_20150204133029965162/index.htm, 北京理工大学,自动化学院,刘世岳
http://ac.bit.edu.cn/szdw/jsdw/kzllykzgcyjs/zs_20150204133030604020/index.htm, 北京理工大学,自动化学院,路平立
http://ac.bit.edu.cn/szdw/jsdw/kzllykzgcyjs/zs_20150206092614981699/index.htm, 北京理工大学,自动化学院,宋卓越
http://ac.bit.edu.cn/szdw/jsdw/kzllykzgcyjs/zs_20150206092614981699_20150206124723061272/index.htm, 北京理工大学,自动化学院,戴亚平
http://ac.bit.edu.cn/szdw/jsdw/kzllykzgcyjs/20150206124737378779/index.htm, 北京理工大学,自动化学院,王庆林
http://ac.bit.edu.cn/szdw/jsdw/kzllykzgcyjs/20150206124737378779_20150206124802908635/index.htm, 北京理工大学,自动化学院,许向阳
http://ac.bit.edu.cn/szdw/jsdw/kzllykzgcyjs/20150206124815098101/index.htm, 北京理工大学,自动化学院,戴忠健
http://ac.bit.edu.cn/szdw/jsdw/kzllykzgcyjs/20150206124828097153/index.htm, 北京理工大学,自动化学院,刘向东
http://ac.bit.edu.cn/szdw/jsdw/kzllykzgcyjs/zs_20150204133030604020_20150206124837748070/index.htm, 北京理工大学,自动化学院,廖晓钟
http://ac.bit.edu.cn/szdw/jsdw/kzllykzgcyjs/20150206124851280580/index.htm, 北京理工大学,自动化学院,董  宁
http://ac.bit.edu.cn/szdw/jsdw/kzllykzgcyjs/zs_20150204133030604020_20150206124903484480/index.htm, 北京理工大学,自动化学院,赖  汝
http://ac.bit.edu.cn/szdw/jsdw/kzllykzgcyjs/20150206124915582961/index.htm, 北京理工大学,自动化学院,郝轶宁
http://ac.bit.edu.cn/szdw/jsdw/kzllykzgcyjs/20150206124915582961_20150206130951258038/index.htm, 北京理工大学,自动化学院,盛永智
http://ac.bit.edu.cn/szdw/jsdw/kzllykzgcyjs/20150206131440981597/index.htm, 北京理工大学,自动化学院,由育阳
http://ac.bit.edu.cn/szdw/jsdw/kzllykzgcyjs/20150206131454479761/index.htm, 北京理工大学,自动化学院,姚小兰
http://ac.bit.edu.cn/szdw/jsdw/kzllykzgcyjs/20150206131454479761_20150206131705728665/index.htm, 北京理工大学,自动化学院,耿庆波
http://ac.bit.edu.cn/szdw/jsdw/kzllykzgcyjs/20150206131716833161/index.htm, 北京理工大学,自动化学院,费  庆
http://ac.bit.edu.cn/szdw/jsdw/kzllykzgcyjs/20150206131735189339/index.htm, 北京理工大学,自动化学院,李保奎
http://ac.bit.edu.cn/szdw/jsdw/kzllykzgcyjs/20150206131735189339_20150206131800572405/index.htm, 北京理工大学,自动化学院,胡浩平
http://ac.bit.edu.cn/szdw/jsdw/kzllykzgcyjs/cxy/index.htm, 北京理工大学,自动化学院,曾祥远
http://ac.bit.edu.cn/szdw/jsdw/mssbyznxtyjs/zs_20150206100312182856/index.htm, 北京理工大学,自动化学院,陈  杰
http://ac.bit.edu.cn/szdw/jsdw/mssbyznxtyjs/zs_20150206095716652319_20150206102710028167/index.htm, 北京理工大学,自动化学院,方  浩
http://ac.bit.edu.cn/szdw/jsdw/mssbyznxtyjs/zs_20150206095716652319_20150206114649530922/index.htm, 北京理工大学,自动化学院,窦丽华
http://ac.bit.edu.cn/szdw/jsdw/mssbyznxtyjs/zs_20150206095716652319_20150206114710492303/index.htm, 北京理工大学,自动化学院,彭志红
http://ac.bit.edu.cn/szdw/jsdw/mssbyznxtyjs/20150206114727841843/index.htm, 北京理工大学,自动化学院,孙  健
http://ac.bit.edu.cn/szdw/jsdw/mssbyznxtyjs/zs_20150206095716652319_20150206115254150906/index.htm, 北京理工大学,自动化学院,蔡  涛
http://ac.bit.edu.cn/szdw/jsdw/mssbyznxtyjs/20150206115426467435/index.htm, 北京理工大学,自动化学院,张  娟
http://ac.bit.edu.cn/szdw/jsdw/mssbyznxtyjs/20150206115426467435_20150206115435890571/index.htm, 北京理工大学,自动化学院,陈文颉
http://ac.bit.edu.cn/szdw/jsdw/mssbyznxtyjs/20150206115445413049/index.htm, 北京理工大学,自动化学院,甘明刚
http://ac.bit.edu.cn/szdw/jsdw/mssbyznxtyjs/zs_20150206095716652319/index.htm, 北京理工大学,自动化学院,邓  方
http://ac.bit.edu.cn/szdw/jsdw/mssbyznxtyjs/20150206115445413049_20150206115457519111/index.htm, 北京理工大学,自动化学院,白永强
http://ac.bit.edu.cn/szdw/jsdw/mssbyznxtyjs/20150206115507482645/index.htm, 北京理工大学,自动化学院,陈  晨
http://ac.bit.edu.cn/szdw/jsdw/mssbyznxtyjs/20150206115507482645_20150206115521306749/index.htm, 北京理工大学,自动化学院,辛  斌
http://ac.bit.edu.cn/szdw/jsdw/mssbyznxtyjs/20150206115507482645_20150206115529451172/index.htm, 北京理工大学,自动化学院,张  佳
http://ac.bit.edu.cn/szdw/jsdw/mssbyznxtyjs/20150206115538155601/index.htm, 北京理工大学,自动化学院,潘  峰
http://ac.bit.edu.cn/szdw/jsdw/mssbyznxtyjs/20150206115538155601_20150206115549307941/index.htm, 北京理工大学,自动化学院,高  岩
http://ac.bit.edu.cn/szdw/jsdw/mssbyznxtyjs/20150206115558187442/index.htm, 北京理工大学,自动化学院,高  琪
http://ac.bit.edu.cn/szdw/jsdw/mssbyznxtyjs/20150206115558187442_20150206115609047591/index.htm, 北京理工大学,自动化学院,李位星
http://ac.bit.edu.cn/szdw/jsdw/mssbyznxtyjs_20150206131517284801/zs_20150206100312182856_20150206131517284801/index.htm, 北京理工大学,自动化学院,汪顺亭
http://ac.bit.edu.cn/szdw/jsdw/mssbyznxtyjs_20150206131517284801/20150206131518121290/index.htm, 北京理工大学,自动化学院,汪  渤
http://ac.bit.edu.cn/szdw/jsdw/mssbyznxtyjs_20150206131517284801/20150206131518784330/index.htm, 北京理工大学,自动化学院,缪玲娟
http://ac.bit.edu.cn/szdw/jsdw/mssbyznxtyjs_20150206131517284801/20150206131519354433/index.htm, 北京理工大学,自动化学院,崔  燕
http://ac.bit.edu.cn/szdw/jsdw/mssbyznxtyjs_20150206131517284801/20150206114727841843_20150206131517284801/index.htm, 北京理工大学,自动化学院,沈  军
http://ac.bit.edu.cn/szdw/jsdw/mssbyznxtyjs_20150206131517284801/20150206131520580824/index.htm, 北京理工大学,自动化学院,董明杰
http://ac.bit.edu.cn/szdw/jsdw/mssbyznxtyjs_20150206131517284801/20150206115426467435_20150206131517284801/index.htm, 北京理工大学,自动化学院,石永生
http://ac.bit.edu.cn/szdw/jsdw/mssbyznxtyjs_20150206131517284801/20150206131521861202/index.htm, 北京理工大学,自动化学院,高志峰
http://ac.bit.edu.cn/szdw/jsdw/mssbyznxtyjs_20150206131517284801/20150206115445413049_20150206131517284801/index.htm, 北京理工大学,自动化学院,周志强
http://ac.bit.edu.cn/szdw/jsdw/mssbyznxtyjs_20150206131517284801/zs_20150206095716652319_20150206131517284801/index.htm, 北京理工大学,自动化学院,陈家斌
http://ac.bit.edu.cn/szdw/jsdw/mssbyznxtyjs_20150206131517284801/20150206131524212099/index.htm, 北京理工大学,自动化学院,谢  玲
http://ac.bit.edu.cn/szdw/jsdw/mssbyznxtyjs_20150206131517284801/20150206115507482645_20150206131517284801/index.htm, 北京理工大学,自动化学院,宋春雷
http://ac.bit.edu.cn/szdw/jsdw/mssbyznxtyjs_20150206131517284801/20150206131527135681/index.htm, 北京理工大学,自动化学院,思  考
http://ac.bit.edu.cn/szdw/jsdw/mssbyznxtyjs_20150206131517284801/20150206131528279067/index.htm, 北京理工大学,自动化学院,刘星桥
http://ac.bit.edu.cn/szdw/jsdw/mssbyznxtyjs_20150206131517284801/20150206115538155601_20150206131517284801/index.htm, 北京理工大学,自动化学院,梁俊宇
http://ac.bit.edu.cn/szdw/jsdw/mssbyznxtyjs_20150206131517284801/20150206131529938055/index.htm, 北京理工大学,自动化学院,徐建华
http://ac.bit.edu.cn/szdw/jsdw/mssbyznxtyjs_20150206131517284801/20150206115558187442_20150206131517284801/index.htm, 北京理工大学,自动化学院,李磊磊
http://ac.bit.edu.cn/szdw/jsdw/mssbyznxtyjs_20150206131517284801/20150206131531990843/index.htm, 北京理工大学,自动化学院,韩勇强
http://ac.bit.edu.cn/szdw/jsdw/mssbyznxtyjs_20150206131517284801/20150206131531990843_20150206133410507676/index.htm, 北京理工大学,自动化学院,付梦印
http://ac.bit.edu.cn/szdw/jsdw/mssbyznxtyjs_20150206131517284801/20150206131531990843_20150206133422805078/index.htm, 北京理工大学,自动化学院,邓志红
http://ac.bit.edu.cn/szdw/jsdw/mssbyznxtyjs_20150206131517284801/20150206131531990843_20150206133435183475/index.htm, 北京理工大学,自动化学院,马宏宾
http://ac.bit.edu.cn/szdw/jsdw/mssbyznxtyjs_20150206131517284801/20150206133443889957/index.htm, 北京理工大学,自动化学院,王  博
http://ac.bit.edu.cn/szdw/jsdw/mssbyznxtyjs_20150206131517284801/20150206131524212099_20150206133452629288/index.htm, 北京理工大学,自动化学院,杨  毅
http://ac.bit.edu.cn/szdw/jsdw/mssbyznxtyjs_20150206131517284801/20150206131524212099_20150206133502077610/index.htm, 北京理工大学,自动化学院,刘  彤
http://ac.bit.edu.cn/szdw/jsdw/mssbyznxtyjs_20150206131517284801/20150206131524212099_20150206133502125740/index.htm, 北京理工大学,自动化学院,刘  华
http://ac.bit.edu.cn/szdw/jsdw/mssbyznxtyjs_20150206131524055991/zs_20150206100312182856_20150206131524055991/index.htm, 北京理工大学,自动化学院,王向周
http://ac.bit.edu.cn/szdw/jsdw/mssbyznxtyjs_20150206131524055991/20150206131525688478/index.htm, 北京理工大学,自动化学院,王  渝
http://ac.bit.edu.cn/szdw/jsdw/mssbyznxtyjs_20150206131524055991/20150206131527261988/index.htm, 北京理工大学,自动化学院,彭熙伟
http://ac.bit.edu.cn/szdw/jsdw/mssbyznxtyjs_20150206131524055991/20150206131528513481/index.htm, 北京理工大学,自动化学院,郑戍华
http://ac.bit.edu.cn/szdw/jsdw/mssbyznxtyjs_20150206131524055991/20150206114727841843_20150206131524055991/index.htm, 北京理工大学,自动化学院,王  涛
http://ac.bit.edu.cn/szdw/jsdw/mssbyznxtyjs_20150206131524055991/20150206131530622980/index.htm, 北京理工大学,自动化学院,陈金兵
http://ac.bit.edu.cn/szdw/jsdw/mssbyznxtyjs_20150206131524055991/20150206115426467435_20150206131524055991/index.htm, 北京理工大学,自动化学院,姜  明
http://ac.bit.edu.cn/szdw/jsdw/mssbyznxtyjs_20150206131524055991/20150206131532477572/index.htm, 北京理工大学,自动化学院,范  伟
http://ac.bit.edu.cn/szdw/jsdw/mssbyznxtyjs_20150206131524055991/20150206115445413049_20150206131524055991/index.htm, 北京理工大学,自动化学院,王军政
http://ac.bit.edu.cn/szdw/jsdw/mssbyznxtyjs_20150206131524055991/zs_20150206095716652319_20150206131524055991/index.htm, 北京理工大学,自动化学院,汪首坤
http://ac.bit.edu.cn/szdw/jsdw/mssbyznxtyjs_20150206131524055991/20150206131535056814/index.htm, 北京理工大学,自动化学院,马立玲
http://ac.bit.edu.cn/szdw/jsdw/mssbyznxtyjs_20150206131524055991/20150206115507482645_20150206131524055991/index.htm, 北京理工大学,自动化学院,赵江波
http://ac.bit.edu.cn/szdw/jsdw/mssbyznxtyjs_20150206131524055991/20150206131538190234/index.htm, 北京理工大学,自动化学院,沈  伟
http://ac.bit.edu.cn/szdw/jsdw/mssbyznxtyjs_20150206131524055991/20150206131538741529/index.htm, 北京理工大学,自动化学院,李金仓
http://ac.bit.edu.cn/szdw/jsdw/mssbyznxtyjs_20150206131524055991/20150206115538155601_20150206131524055991/index.htm, 北京理工大学,自动化学院,李  静
http://ac.bit.edu.cn/szdw/jsdw/mssbyznxtyjs_20150206131524055991/20150206131540050180/index.htm, 北京理工大学,自动化学院,史大威
http://ac.bit.edu.cn/szdw/jsdw/20150206132638749920/20150206132638835059/index.htm, 北京理工大学,自动化学院,任雪梅
http://ac.bit.edu.cn/szdw/jsdw/20150206132638749920/20150206131525688478_20150206132638749872/index.htm, 北京理工大学,自动化学院,黄  鸿
http://ac.bit.edu.cn/szdw/jsdw/20150206132638749920/20150206131527261988_20150206132638749872/index.htm, 北京理工大学,自动化学院,李  原
http://ac.bit.edu.cn/szdw/jsdw/20150206132638749920/20150206131528513481_20150206132638749872/index.htm, 北京理工大学,自动化学院,乔大鹏
http://ac.bit.edu.cn/szdw/jsdw/20150206132638749920/20150206132641418489/index.htm, 北京理工大学,自动化学院,夏元清
http://ac.bit.edu.cn/szdw/jsdw/20150206132638749920/20150206131530622980_20150206132638749872/index.htm, 北京理工大学,自动化学院,闫莉萍
http://ac.bit.edu.cn/szdw/jsdw/20150206132638749920/20150206132643671154/index.htm, 北京理工大学,自动化学院,张百海
http://ac.bit.edu.cn/szdw/jsdw/20150206132638749920/20150206131532477572_20150206132638749872/index.htm, 北京理工大学,自动化学院,姚分喜
http://ac.bit.edu.cn/szdw/jsdw/20150206132638749920/20150206132645767530/index.htm, 北京理工大学,自动化学院,李慧芳
http://ac.bit.edu.cn/szdw/jsdw/20150206132638749920/20150206132646663911/index.htm, 北京理工大学,自动化学院,柴森春
http://ac.bit.edu.cn/szdw/jsdw/20150206132638749920/20150206131535056814_20150206132638749872/index.htm, 北京理工大学,自动化学院,崔灵果
http://ac.bit.edu.cn/szdw/jsdw/20150206132638749920/20150206132648975949/index.htm, 北京理工大学,自动化学院,林知微
http://ac.bit.edu.cn/szdw/jsdw/20150206132638749920/20150206132641418489_20151117152549038048/index.htm, 北京理工大学,自动化学院,刘坤
http://ac.bit.edu.cn/szdw/jsdw/20150206132638749920/20150206132641418489_20160913024136947331/index.htm, 北京理工大学,自动化学院,戴荔
http://ac.bit.edu.cn/szdw/jsdw/20150206132640317735/20150206132640423977/index.htm, 北京理工大学,自动化学院,冬  雷
http://ac.bit.edu.cn/szdw/jsdw/20150206132640317735/20150206131525688478_20150206132640316613/index.htm, 北京理工大学,自动化学院,沙德尚
http://ac.bit.edu.cn/szdw/jsdw/20150206132640317735/20150206131527261988_20150206132640316613/index.htm, 北京理工大学,自动化学院,陈  振
http://ac.bit.edu.cn/szdw/jsdw/20150206132640317735/20150206131528513481_20150206132640316613/index.htm, 北京理工大学,自动化学院,马中静
http://ac.bit.edu.cn/szdw/jsdw/20150206132640317735/20150206132644114063/index.htm, 北京理工大学,自动化学院,高志刚
http://ac.bit.edu.cn/szdw/jsdw/20150206132640317735/20150206131530622980_20150206132640316613/index.htm, 北京理工大学,自动化学院,赵  静
http://ac.bit.edu.cn/szdw/jsdw/20150206132640317735/20150206132645875770/index.htm, 北京理工大学,自动化学院,李  震
http://ac.bit.edu.cn/szdw/jsdw/20150206132640317735/20150206131532477572_20150206132640316613/index.htm, 北京理工大学,自动化学院,高聪哲
http://ac.bit.edu.cn/szdw/jsdw/20150206132640317735/20150206132647980981/index.htm, 北京理工大学,自动化学院,马宏伟
http://ac.bit.edu.cn/szdw/jsdw/20150206132640317735/20150206132648967765/index.htm, 北京理工大学,自动化学院,王  亮
http://ac.bit.edu.cn/szdw/jsdw/20150206132640317735/20150206131535056814_20150206132640316613/index.htm, 北京理工大学,自动化学院,毛雪飞
http://ac.bit.edu.cn/szdw/jsdw/20150206132640317735/20150514143449334340/index.htm, 北京理工大学,自动化学院,由育阳
http://ac.bit.edu.cn/szdw/jsdw/20150206132641701113/20150206132641897362/index.htm, 北京理工大学,自动化学院,王美玲
http://ac.bit.edu.cn/szdw/jsdw/20150206132641701113/20150206131525688478_20150206132641701035/index.htm, 北京理工大学,自动化学院,郝艾芳
http://ac.bit.edu.cn/szdw/jsdw/20150206132641701113/20150206131527261988_20150206132641701035/index.htm, 北京理工大学,自动化学院,金  锋
http://ac.bit.edu.cn/szdw/jsdw/20150206132641701113/20150206131528513481_20150206132641701035/index.htm, 北京理工大学,自动化学院,肖  烜
http://ac.bit.edu.cn/szdw/jsdw/20150206132641701113/20150206132645798631/index.htm, 北京理工大学,自动化学院,刘  伟
http://ac.bit.edu.cn/szdw/jsdw/20150206132641701113/20150206131530622980_20150206132641701035/index.htm, 北京理工大学,自动化学院,江泽民
http://ac.bit.edu.cn/szdw/jsdw/20150206132641701113/20150206132648089081/index.htm, 北京理工大学,自动化学院,王  波
http://ac.bit.edu.cn/szdw/jsdw/20150206132641701113/20150206131532477572_20150206132641701035/index.htm, 北京理工大学,自动化学院,金  英
http://ac.bit.edu.cn/szdw/jsdw/20150206132641701113/20150206132650031529/index.htm, 北京理工大学,自动化学院,李保华
http://www.ise.neu.edu.cn/jsml/1217.html,  东北大学,自动化系,董久祥
http://www.ise.neu.edu.cn/jsml/1218.html,  东北大学,自动化系,井元伟
http://www.ise.neu.edu.cn/jsml/1281.html,  东北大学,自动化系,汪晋宽
http://www.ise.neu.edu.cn/jsml/1219.html,  东北大学,自动化系,杨光红
http://www.ise.neu.edu.cn/jsml/1220.html,  东北大学,自动化系,叶丹
http://www.ise.neu.edu.cn/jsml/1223.html,  东北大学,自动化系,张嗣瀛
http://www.ise.neu.edu.cn/jsml/1221.html,  东北大学,自动化系,赵军
http://www.ise.neu.edu.cn/jsml/1209.html,  东北大学,自动化系,李霄剑
http://www.ise.neu.edu.cn/jsml/1210.html,  东北大学,自动化系,龙离军
http://www.ise.neu.edu.cn/jsml/1211.html,  东北大学,自动化系,马丹
http://www.ise.neu.edu.cn/jsml/1212.html,  东北大学,自动化系,马宏军
http://www.ise.neu.edu.cn/jsml/1213.html,  东北大学,自动化系,石海彬
http://www.ise.neu.edu.cn/jsml/1214.html,  东北大学,自动化系,王恒
http://www.ise.neu.edu.cn/jsml/1215.html,  东北大学,自动化系,郑艳
http://www.ise.neu.edu.cn/jsml/1216.html,  东北大学,自动化系,李冉冉
http://www.ise.neu.edu.cn/jsml/1222.html,  东北大学,自动化系,王慧敏
http://www.ise.neu.edu.cn/jsml/1120.html,  东北大学,自动化系,常玉清
http://www.ise.neu.edu.cn/jsml/1121.html,  东北大学,自动化系,陈晓波
http://www.ise.neu.edu.cn/jsml/1122.html,  东北大学,自动化系,高宪文
http://www.ise.neu.edu.cn/jsml/1123.html,  东北大学,自动化系,关守平
http://www.ise.neu.edu.cn/jsml/1124.html,  东北大学,自动化系,何大阔
http://www.ise.neu.edu.cn/jsml/1125.html,  东北大学,自动化系,贾明兴
http://www.ise.neu.edu.cn/jsml/1126.html,  东北大学,自动化系,李鸿儒
http://www.ise.neu.edu.cn/jsml/1127.html,  东北大学,自动化系,刘建昌
http://www.ise.neu.edu.cn/jsml/1128.html,  东北大学,自动化系,毛志忠
http://www.ise.neu.edu.cn/jsml/1129.html,  东北大学,自动化系,钱晓龙
http://www.ise.neu.edu.cn/jsml/1130.html,  东北大学,自动化系,王福利
http://www.ise.neu.edu.cn/jsml/1131.html,  东北大学,自动化系,王建辉
http://www.ise.neu.edu.cn/jsml/1132.html,  东北大学,自动化系,徐林
http://www.ise.neu.edu.cn/jsml/1133.html,  东北大学,自动化系,张颖伟
http://www.ise.neu.edu.cn/jsml/1102.html,  东北大学,自动化系,李旭光
http://www.ise.neu.edu.cn/jsml/1103.html,  东北大学,自动化系,牛大鹏
http://www.ise.neu.edu.cn/jsml/1104.html,  东北大学,自动化系,秦树凯
http://www.ise.neu.edu.cn/jsml/1105.html,  东北大学,自动化系,谭树彬
http://www.ise.neu.edu.cn/jsml/1106.html,  东北大学,自动化系,王姝
http://www.ise.neu.edu.cn/jsml/1107.html,  东北大学,自动化系,王小刚
http://www.ise.neu.edu.cn/jsml/1108.html,  东北大学,自动化系,肖冬
http://www.ise.neu.edu.cn/jsml/1109.html,  东北大学,自动化系,杨英华
http://www.ise.neu.edu.cn/jsml/1110.html,  东北大学,自动化系,尤富强
http://www.ise.neu.edu.cn/jsml/1111.html,  东北大学,自动化系,余强
http://www.ise.neu.edu.cn/jsml/1112.html,  东北大学,自动化系,袁平
http://www.ise.neu.edu.cn/jsml/1113.html,  东北大学,自动化系,陈春华
http://www.ise.neu.edu.cn/jsml/1114.html,  东北大学,自动化系,方晓柯
http://www.ise.neu.edu.cn/jsml/1115.html,  东北大学,自动化系,冯琳
http://www.ise.neu.edu.cn/jsml/1116.html,  东北大学,自动化系,贾润达
http://www.ise.neu.edu.cn/jsml/1136.html,  东北大学,自动化系,刘炎
http://www.ise.neu.edu.cn/jsml/1134.html,  东北大学,自动化系,王洪海
http://www.ise.neu.edu.cn/jsml/1117.html,  东北大学,自动化系,吴俊新
http://www.ise.neu.edu.cn/jsml/1135.html,  东北大学,自动化系,于丰
http://www.ise.neu.edu.cn/jsml/1118.html,  东北大学,自动化系,于霞
http://www.ise.neu.edu.cn/jsml/1119.html,  东北大学,自动化系,赵露平
http://heuac.hrbeu.edu.cn/2016/0516/c1468a31810/page.htm, 哈尔滨工程大学,自动化学院,白　涛
http://heuac.hrbeu.edu.cn/2016/0516/c1468a31834/page.htm, 哈尔滨工程大学,自动化学院,奔粤阳
http://heuac.hrbeu.edu.cn/2016/0516/c1468a31835/page.htm, 哈尔滨工程大学,自动化学院,蔡成涛
http://heuac.hrbeu.edu.cn/2016/0516/c1468a31836/page.htm, 哈尔滨工程大学,自动化学院,陈　广
http://heuac.hrbeu.edu.cn/2016/0516/c1468a31837/page.htm, 哈尔滨工程大学,自动化学院,陈虹丽
http://heuac.hrbeu.edu.cn/2016/0516/c1468a31839/page.htm, 哈尔滨工程大学,自动化学院,陈世同
http://heuac.hrbeu.edu.cn/2016/0601/c1468a34143/page.htm, 哈尔滨工程大学,自动化学院,陈　涛
http://heuac.hrbeu.edu.cn/2016/0524/c1468a32259/page.htm, 哈尔滨工程大学,自动化学院,程建华
http://heuac.hrbeu.edu.cn/2016/0524/c1468a32263/page.htm, 哈尔滨工程大学,自动化学院,程　鹏
http://heuac.hrbeu.edu.cn/2016/0524/c1468a32261/page.htm, 哈尔滨工程大学,自动化学院,池海红
http://heuac.hrbeu.edu.cn/2016/0524/c1468a32264/page.htm, 哈尔滨工程大学,自动化学院,丛　望
http://heuac.hrbeu.edu.cn/2016/0524/c1468a32266/page.htm, 哈尔滨工程大学,自动化学院,丁福光
http://heuac.hrbeu.edu.cn/2016/0524/c1468a32267/page.htm, 哈尔滨工程大学,自动化学院,丁继成
http://heuac.hrbeu.edu.cn/2016/0524/c1468a32268/page.htm, 哈尔滨工程大学,自动化学院,冯伟兴
http://heuac.hrbeu.edu.cn/2016/0524/c1468a32269/page.htm, 哈尔滨工程大学,自动化学院,付　斌
http://heuac.hrbeu.edu.cn/2016/0524/c1468a32270/page.htm, 哈尔滨工程大学,自动化学院,付明玉
http://heuac.hrbeu.edu.cn/2016/0524/c1468a32271/page.htm, 哈尔滨工程大学,自动化学院,傅荟璇
http://heuac.hrbeu.edu.cn/2016/0528/c1468a33929/page.htm, 哈尔滨工程大学,自动化学院,高　峰
http://heuac.hrbeu.edu.cn/2016/0524/c1468a32272/page.htm, 哈尔滨工程大学,自动化学院,高延滨
http://heuac.hrbeu.edu.cn/2016/0525/c1468a32280/page.htm, 哈尔滨工程大学,自动化学院,高振国
http://heuac.hrbeu.edu.cn/2016/0525/c1468a32282/page.htm, 哈尔滨工程大学,自动化学院,管凤旭
http://heuac.hrbeu.edu.cn/2016/0525/c1468a32281/page.htm, 哈尔滨工程大学,自动化学院,郭书祥
http://heuac.hrbeu.edu.cn/2016/0525/c1468a32284/page.htm, 哈尔滨工程大学,自动化学院,韩云涛
http://heuac.hrbeu.edu.cn/2016/0528/c1468a33930/page.htm, 哈尔滨工程大学,自动化学院,贺　波
http://heuac.hrbeu.edu.cn/2016/0525/c1468a32283/page.htm, 哈尔滨工程大学,自动化学院,何昆鹏
http://heuac.hrbeu.edu.cn/2016/0525/c1468a32288/page.htm, 哈尔滨工程大学,自动化学院,黄曼磊
http://heuac.hrbeu.edu.cn/2016/0525/c1468a32285/page.htm, 哈尔滨工程大学,自动化学院,黄　平
http://heuac.hrbeu.edu.cn/2016/0525/c1468a32290/page.htm, 哈尔滨工程大学,自动化学院,黄卫权
http://heuac.hrbeu.edu.cn/2016/0525/c1468a32286/page.htm, 哈尔滨工程大学,自动化学院,吉　明
http://heuac.hrbeu.edu.cn/2016/0525/c1468a32293/page.htm, 哈尔滨工程大学,自动化学院,兰　海
http://heuac.hrbeu.edu.cn/2016/0525/c1468a32287/page.htm, 哈尔滨工程大学,自动化学院,李　冰
http://heuac.hrbeu.edu.cn/2016/0525/c1468a32297/page.htm, 哈尔滨工程大学,自动化学院,李　刚
http://heuac.hrbeu.edu.cn/2016/0525/c1468a32289/page.htm, 哈尔滨工程大学,自动化学院,李光春
http://heuac.hrbeu.edu.cn/2016/0525/c1468a32300/page.htm, 哈尔滨工程大学,自动化学院,李　金
http://heuac.hrbeu.edu.cn/2016/0525/c1468a32292/page.htm, 哈尔滨工程大学,自动化学院,李　娟
http://heuac.hrbeu.edu.cn/2016/0528/c1468a33931/page.htm, 哈尔滨工程大学,自动化学院,李　亮
http://heuac.hrbeu.edu.cn/2016/0525/c1468a32303/page.htm, 哈尔滨工程大学,自动化学院,李　宁
http://heuac.hrbeu.edu.cn/2016/0525/c1468a32294/page.htm, 哈尔滨工程大学,自动化学院,李　芃
http://heuac.hrbeu.edu.cn/2016/0525/c1468a32304/page.htm, 哈尔滨工程大学,自动化学院,李绪友
http://heuac.hrbeu.edu.cn/2016/0525/c1468a32295/page.htm, 哈尔滨工程大学,自动化学院,梁　洪
http://heuac.hrbeu.edu.cn/2016/0525/c1468a32305/page.htm, 哈尔滨工程大学,自动化学院,梁利华
http://heuac.hrbeu.edu.cn/2016/0525/c1468a32296/page.htm, 哈尔滨工程大学,自动化学院,林孝工
http://heuac.hrbeu.edu.cn/2016/0526/c1468a33589/page.htm, 哈尔滨工程大学,自动化学院,刘　厂
http://heuac.hrbeu.edu.cn/2016/0525/c1468a32298/page.htm, 哈尔滨工程大学,自动化学院,刘繁明
http://heuac.hrbeu.edu.cn/2016/0526/c1468a33590/page.htm, 哈尔滨工程大学,自动化学院,刘宏达
http://heuac.hrbeu.edu.cn/2016/0525/c1468a32299/page.htm, 哈尔滨工程大学,自动化学院,刘利强
http://heuac.hrbeu.edu.cn/2016/0526/c1468a33591/page.htm, 哈尔滨工程大学,自动化学院,刘　胜
http://heuac.hrbeu.edu.cn/2016/0525/c1468a32301/page.htm, 哈尔滨工程大学,自动化学院,刘　涛
http://heuac.hrbeu.edu.cn/2016/0526/c1468a33592/page.htm, 哈尔滨工程大学,自动化学院,刘天孚
http://heuac.hrbeu.edu.cn/2016/0525/c1468a32302/page.htm, 哈尔滨工程大学,自动化学院,刘　心
http://heuac.hrbeu.edu.cn/2016/0526/c1468a33593/page.htm, 哈尔滨工程大学,自动化学院,刘彦文
http://heuac.hrbeu.edu.cn/2016/0525/c1468a32306/page.htm, 哈尔滨工程大学,自动化学院,刘　鹰
http://heuac.hrbeu.edu.cn/2016/0905/c1468a37783/page.htm, 哈尔滨工程大学,自动化学院,刘　源
http://heuac.hrbeu.edu.cn/2016/0525/c1468a32307/page.htm, 哈尔滨工程大学,自动化学院,刘志林
http://heuac.hrbeu.edu.cn/2016/0527/c1468a33803/page.htm, 哈尔滨工程大学,自动化学院,卢志忠
http://heuac.hrbeu.edu.cn/2016/0525/c1468a32308/page.htm, 哈尔滨工程大学,自动化学院,陆　军
http://heuac.hrbeu.edu.cn/2016/0527/c1468a33804/page.htm, 哈尔滨工程大学,自动化学院,栾　宽
http://heuac.hrbeu.edu.cn/2016/0527/c1468a33812/page.htm, 哈尔滨工程大学,自动化学院,吕淑平
http://heuac.hrbeu.edu.cn/2016/0527/c1468a33805/page.htm, 哈尔滨工程大学,自动化学院,马忠丽
http://heuac.hrbeu.edu.cn/2016/0527/c1468a33813/page.htm, 哈尔滨工程大学,自动化学院,孟繁荣
http://heuac.hrbeu.edu.cn/2016/0527/c1468a33808/page.htm, 哈尔滨工程大学,自动化学院,孟　浩
http://heuac.hrbeu.edu.cn/2016/0528/c1468a33932/page.htm, 哈尔滨工程大学,自动化学院,莫宏伟
http://heuac.hrbeu.edu.cn/2016/0527/c1468a33810/page.htm, 哈尔滨工程大学,自动化学院,彭秀艳
http://heuac.hrbeu.edu.cn/2016/0528/c1468a33935/page.htm, 哈尔滨工程大学,自动化学院,綦志刚
http://heuac.hrbeu.edu.cn/2016/0527/c1468a33814/page.htm, 哈尔滨工程大学,自动化学院,钱华明
http://heuac.hrbeu.edu.cn/2016/0527/c1468a33817/page.htm, 哈尔滨工程大学,自动化学院,汝长海
http://heuac.hrbeu.edu.cn/2016/0527/c1468a33819/page.htm, 哈尔滨工程大学,自动化学院,沈　锋
http://heuac.hrbeu.edu.cn/2016/0527/c1468a33820/page.htm, 哈尔滨工程大学,自动化学院,施小成
http://heuac.hrbeu.edu.cn/2016/0527/c1468a33821/page.htm, 哈尔滨工程大学,自动化学院,史　震
http://heuac.hrbeu.edu.cn/2016/0527/c1468a33823/page.htm, 哈尔滨工程大学,自动化学院,苏　丽
http://heuac.hrbeu.edu.cn/2016/0527/c1468a33822/page.htm, 哈尔滨工程大学,自动化学院,孙　华
http://heuac.hrbeu.edu.cn/2016/0527/c1468a33828/page.htm, 哈尔滨工程大学,自动化学院,孙　尧
http://heuac.hrbeu.edu.cn/2016/0527/c1468a33825/page.htm, 哈尔滨工程大学,自动化学院,田　凯
http://heuac.hrbeu.edu.cn/2016/0527/c1468a33838/page.htm, 哈尔滨工程大学,自动化学院,王宏健
http://heuac.hrbeu.edu.cn/2016/0527/c1468a33829/page.htm, 哈尔滨工程大学,自动化学院,王　辉
http://heuac.hrbeu.edu.cn/2016/0527/c1468a33840/page.htm, 哈尔滨工程大学,自动化学院,王经甫
http://heuac.hrbeu.edu.cn/2016/0527/c1468a33832/page.htm, 哈尔滨工程大学,自动化学院,王景刚
http://heuac.hrbeu.edu.cn/2016/0527/c1468a33843/page.htm, 哈尔滨工程大学,自动化学院,王科俊
http://heuac.hrbeu.edu.cn/2016/0527/c1468a33839/page.htm, 哈尔滨工程大学,自动化学院,王　伟
http://heuac.hrbeu.edu.cn/2016/0527/c1468a33846/page.htm, 哈尔滨工程大学,自动化学院,王宇超
http://heuac.hrbeu.edu.cn/2016/0527/c1468a33844/page.htm, 哈尔滨工程大学,自动化学院,王元慧
http://heuac.hrbeu.edu.cn/2016/0527/c1468a33855/page.htm, 哈尔滨工程大学,自动化学院,王宗义
http://heuac.hrbeu.edu.cn/2016/0527/c1468a33847/page.htm, 哈尔滨工程大学,自动化学院,魏延辉
http://heuac.hrbeu.edu.cn/2016/0527/c1468a33858/page.htm, 哈尔滨工程大学,自动化学院,魏　宇
http://heuac.hrbeu.edu.cn/2016/0905/c1468a37764/page.htm, 哈尔滨工程大学,自动化学院,吴　鹏
http://heuac.hrbeu.edu.cn/2016/0527/c1468a33850/page.htm, 哈尔滨工程大学,自动化学院,吴　磊
http://heuac.hrbeu.edu.cn/2016/0527/c1468a33863/page.htm, 哈尔滨工程大学,自动化学院,夏桂华
http://heuac.hrbeu.edu.cn/2016/0527/c1468a33851/page.htm, 哈尔滨工程大学,自动化学院,夏国清
http://heuac.hrbeu.edu.cn/2016/0527/c1468a33870/page.htm, 哈尔滨工程大学,自动化学院,徐　博
http://heuac.hrbeu.edu.cn/2016/0527/c1468a33854/page.htm, 哈尔滨工程大学,自动化学院,徐　健
http://heuac.hrbeu.edu.cn/2016/0527/c1468a33879/page.htm, 哈尔滨工程大学,自动化学院,许德新
http://heuac.hrbeu.edu.cn/2016/0527/c1468a33859/page.htm, 哈尔滨工程大学,自动化学院,许兆新
http://heuac.hrbeu.edu.cn/2016/0527/c1468a33883/page.htm, 哈尔滨工程大学,自动化学院,闫保中
http://heuac.hrbeu.edu.cn/2016/0527/c1468a33861/page.htm, 哈尔滨工程大学,自动化学院,严浙平
http://heuac.hrbeu.edu.cn/2016/0527/c1468a33886/page.htm, 哈尔滨工程大学,自动化学院,姚绪梁
http://heuac.hrbeu.edu.cn/2016/0527/c1468a33866/page.htm, 哈尔滨工程大学,自动化学院,叶秀芬
http://heuac.hrbeu.edu.cn/2016/0527/c1468a33892/page.htm, 哈尔滨工程大学,自动化学院,游　江
http://heuac.hrbeu.edu.cn/2016/0528/c1468a33936/page.htm, 哈尔滨工程大学,自动化学院,于　飞
http://heuac.hrbeu.edu.cn/2016/0527/c1468a33869/page.htm, 哈尔滨工程大学,自动化学院,于立君
http://heuac.hrbeu.edu.cn/2016/0528/c1468a33937/page.htm, 哈尔滨工程大学,自动化学院,于　强
http://heuac.hrbeu.edu.cn/2016/0527/c1468a33876/page.htm, 哈尔滨工程大学,自动化学院,于秀萍
http://heuac.hrbeu.edu.cn/2016/0528/c1468a33928/page.htm, 哈尔滨工程大学,自动化学院,原　新
http://heuac.hrbeu.edu.cn/2016/0527/c1468a33882/page.htm, 哈尔滨工程大学,自动化学院,曾建辉
http://heuac.hrbeu.edu.cn/2016/0527/c1468a33887/page.htm, 哈尔滨工程大学,自动化学院,张宏瀚
http://heuac.hrbeu.edu.cn/2016/0528/c1468a33926/page.htm, 哈尔滨工程大学,自动化学院,张敬南
http://heuac.hrbeu.edu.cn/2016/0527/c1468a33889/page.htm, 哈尔滨工程大学,自动化学院,张兰勇
http://heuac.hrbeu.edu.cn/2016/0528/c1468a33925/page.htm, 哈尔滨工程大学,自动化学院,张　强
http://heuac.hrbeu.edu.cn/2016/0527/c1468a33905/page.htm, 哈尔滨工程大学,自动化学院,张松涛
http://heuac.hrbeu.edu.cn/2016/0528/c1468a33924/page.htm, 哈尔滨工程大学,自动化学院,张　伟
http://heuac.hrbeu.edu.cn/2016/0527/c1468a33907/page.htm, 哈尔滨工程大学,自动化学院,张文义
http://heuac.hrbeu.edu.cn/2016/0528/c1468a33923/page.htm, 哈尔滨工程大学,自动化学院,张晓宇
http://heuac.hrbeu.edu.cn/2016/0527/c1468a33915/page.htm, 哈尔滨工程大学,自动化学院,张　勋
http://heuac.hrbeu.edu.cn/2016/0528/c1468a33922/page.htm, 哈尔滨工程大学,自动化学院,张勇刚
http://heuac.hrbeu.edu.cn/2016/0527/c1468a33921/page.htm, 哈尔滨工程大学,自动化学院,张奎泽
http://heuac.hrbeu.edu.cn/2016/0528/c1468a33938/page.htm, 哈尔滨工程大学,自动化学院,张　智
http://heuac.hrbeu.edu.cn/2016/0528/c1468a33939/page.htm, 哈尔滨工程大学,自动化学院,赵大威
http://heuac.hrbeu.edu.cn/2016/0528/c1468a33940/page.htm, 哈尔滨工程大学,自动化学院,赵凯岐
http://heuac.hrbeu.edu.cn/2016/0528/c1468a33941/page.htm, 哈尔滨工程大学,自动化学院,赵　琳
http://heuac.hrbeu.edu.cn/2016/0528/c1468a33942/page.htm, 哈尔滨工程大学,自动化学院,赵新华
http://heuac.hrbeu.edu.cn/2016/0528/c1468a33943/page.htm, 哈尔滨工程大学,自动化学院,赵玉新
http://heuac.hrbeu.edu.cn/2016/0528/c1468a33944/page.htm, 哈尔滨工程大学,自动化学院,周广涛
http://heuac.hrbeu.edu.cn/2016/0528/c1468a33945/page.htm, 哈尔滨工程大学,自动化学院,周佳加
http://heuac.hrbeu.edu.cn/2016/0528/c1468a33946/page.htm, 哈尔滨工程大学,自动化学院,周卫东
http://heuac.hrbeu.edu.cn/2016/0528/c1468a33947/page.htm, 哈尔滨工程大学,自动化学院,朱齐丹
http://homepage.hit.edu.cn/pages/jiangxiuzhen,  哈尔滨工业大学,  自动化系,  蒋秀珍
http://homepage.hit.edu.cn/pages/mahuiping,  哈尔滨工业大学,  自动化系,  马惠萍
http://homepage.hit.edu.cn/pages/liuyongmeng,  哈尔滨工业大学,  自动化系,  刘永猛
http://homepage.hit.edu.cn/pages/tanjiubin,  哈尔滨工业大学,  自动化系,  谭久彬
http://homepage.hit.edu.cn/pages/dingxuemei,  哈尔滨工业大学,  自动化系,  丁雪梅
http://homepage.hit.edu.cn/pages/jinp,  哈尔滨工业大学,  自动化系,  金　鹏
http://homepage.hit.edu.cn/pages/huangxiangdong,  哈尔滨工业大学,  自动化系,  黄向东
http://homepage.hit.edu.cn/pages/wangleihomepage,  哈尔滨工业大学,  自动化系,  王　雷
http://homepage.hit.edu.cn/pages/liujian,  哈尔滨工业大学,  自动化系,  刘　俭
http://homepage.hit.edu.cn/pages/zoulimin,  哈尔滨工业大学,  自动化系,  邹丽敏
http://homepage.hit.edu.cn/pages/cuijiwen,  哈尔滨工业大学,  自动化系,  崔继文
http://homepage.hit.edu.cn/pages/huangjingzhi,  哈尔滨工业大学,  自动化系,  黄景志
http://homepage.hit.edu.cn/pages/luzhengang,  哈尔滨工业大学,  自动化系,  陆振刚
http://homepage.hit.edu.cn/pages/linj,  哈尔滨工业大学,  自动化系,  林　杰
http://homepage.hit.edu.cn/pages/hupc,  哈尔滨工业大学,  自动化系,  胡鹏程
http://homepage.hit.edu.cn/pages/cuijunning,  哈尔滨工业大学,  自动化系,  崔俊宁
http://homepage.hit.edu.cn/pages/wwb,  哈尔滨工业大学,  自动化系,  王伟波
http://homepage.hit.edu.cn/pages/yanghongxing,  哈尔滨工业大学,  自动化系,  杨宏兴
http://homepage.hit.edu.cn/pages/wujianwei,  哈尔滨工业大学,  自动化系,  吴剑威
http://homepage.hit.edu.cn/pages/liuzhengjun,  哈尔滨工业大学,  自动化系,  刘正君
http://homepage.hit.edu.cn/liqian,  哈尔滨工业大学,  自动化系,  李　倩
http://homepage.hit.edu.cn/gaowei,  哈尔滨工业大学,  自动化系,  高　伟
http://homepage.hit.edu.cn/pages/xudingjie,  哈尔滨工业大学,  自动化系,  徐定杰
http://homepage.hit.edu.cn/pages/yedong,  哈尔滨工业大学,  自动化系,  叶　东
http://homepage.hit.edu.cn/pages/yuanfeng,  哈尔滨工业大学,  自动化系,  袁　峰
http://homepage.hit.edu.cn/pages/likaihit,  哈尔滨工业大学,  自动化系,  李　凯
http://homepage.hit.edu.cn/pages/tangwenyan,  哈尔滨工业大学,  自动化系,  唐文彦
http://homepage.hit.edu.cn/pages/zhangxiaolin,  哈尔滨工业大学,  自动化系,  张晓琳
http://homepage.hit.edu.cn/pages/liuwanyu,  哈尔滨工业大学,  自动化系,  刘宛予
http://homepage.hit.edu.cn/pages/zhangyanli,  哈尔滨工业大学,  自动化系,  张延丽
http://homepage.hit.edu.cn/pages/yuanyibao,  哈尔滨工业大学,  自动化系,  袁怡宝
http://homepage.hit.edu.cn/pages/lgd,  哈尔滨工业大学,  自动化系,  刘国栋
http://homepage.hit.edu.cn/pages/liubingguo,  哈尔滨工业大学,  自动化系,  刘炳国
http://homepage.hit.edu.cn/pages/hutao,  哈尔滨工业大学,  自动化系,  胡　涛
http://homepage.hit.edu.cn/pages/chenfd,  哈尔滨工业大学,  自动化系,  陈凤东
http://homepage.hit.edu.cn/pages/ganyu,  哈尔滨工业大学,  自动化系,  甘　雨
http://homepage.hit.edu.cn/pages/daijingmin,  哈尔滨工业大学,  自动化系,  戴景民
http://homepage.hit.edu.cn/pages/sunxiaogang,  哈尔滨工业大学,  自动化系,  孙晓刚
http://homepage.hit.edu.cn/pages/lichengwei,  哈尔滨工业大学,  自动化系,  李成伟
http://homepage.hit.edu.cn/pages/ygb,  哈尔滨工业大学,  自动化系,  原桂彬
http://homepage.hit.edu.cn/pages/shenliqun,  哈尔滨工业大学,  自动化系,  申立群
http://homepage.hit.edu.cn/pages/GuoXinmin,  哈尔滨工业大学,  自动化系,  郭鑫民
http://homepage.hit.edu.cn/pages/pengxiyuan,  哈尔滨工业大学,  自动化系,  彭喜元
http://homepage.hit.edu.cn/pages/jiangshouda,  哈尔滨工业大学,  自动化系,  姜守达
http://homepage.hit.edu.cn/pages/zhangyigang,  哈尔滨工业大学,  自动化系,  张毅刚
http://homepage.hit.edu.cn/pages/pengyu,  哈尔滨工业大学,  自动化系,  彭　宇
http://homepage.hit.edu.cn/pages/qiaoliyan,  哈尔滨工业大学,  自动化系,  乔立岩
http://homepage.hit.edu.cn/pages/zhaoguangquan,  哈尔滨工业大学,  自动化系,  赵光权
http://homepage.hit.edu.cn/pages/fenglei,  哈尔滨工业大学,  自动化系,  凤　雷
http://homepage.hit.edu.cn/pages/qiaojiaqing,  哈尔滨工业大学,  自动化系,  乔家庆
http://homepage.hit.edu.cn/pages/liuwang,  哈尔滨工业大学,  自动化系,  刘　旺
http://homepage.hit.edu.cn/pages/yuyang,  哈尔滨工业大学,  自动化系,  俞　洋
http://homepage.hit.edu.cn/pages/yangzhiming,  哈尔滨工业大学,  自动化系,  杨智明
http://homepage.hit.edu.cn/pages/linlianlei,  哈尔滨工业大学,  自动化系,  林连雷
http://homepage.hit.edu.cn/pages/liudatong,  哈尔滨工业大学,  自动化系,  刘大同
http://homepage.hit.edu.cn/pages/liubing,  哈尔滨工业大学,  自动化系,  刘　冰
http://homepage.hit.edu.cn/pages/lijunbao,  哈尔滨工业大学,  自动化系,  李君宝
http://homepage.hit.edu.cn/pages/wangshaojun,  哈尔滨工业大学,  自动化系,  王少军
http://homepage.hit.edu.cn/pages/zhengwenbin,  哈尔滨工业大学,  自动化系,  郑文斌
http://homepage.hit.edu.cn/pages/yangjingli,  哈尔滨工业大学,  自动化系,  杨京礼
http://homepage.hit.edu.cn/pages/cuixiuhai,  哈尔滨工业大学,  自动化系,  崔秀海
http://homepage.hit.edu.cn/pages/zhaoyongping,  哈尔滨工业大学,  自动化系,  赵永平
http://homepage.hit.edu.cn/pages/sunjinwei,  哈尔滨工业大学,  自动化系,  孙金玮
http://homepage.hit.edu.cn/pages/zhuchunbo,  哈尔滨工业大学,  自动化系,  朱春波
http://homepage.hit.edu.cn/pages/hitweiguo,  哈尔滨工业大学,  自动化系,  魏　国
http://homepage.hit.edu.cn/pages/dingmingli,  哈尔滨工业大学,  自动化系,  丁明理
http://homepage.hit.edu.cn/pages/lrg621,  哈尔滨工业大学,  自动化系,  逯仁贵
http://homepage.hit.edu.cn/pages/wangqisong,  哈尔滨工业大学,  自动化系,  王启松
http://homepage.hit.edu.cn/pages/kaisong,  哈尔滨工业大学,  自动化系,  宋　凯
http://homepage.hit.edu.cn/pages/liudan,  哈尔滨工业大学,  自动化系,  刘　丹
http://homepage.hit.edu.cn/pages/byhuang,  哈尔滨工业大学,  自动化系,  黄博妍
http://homepage.hit.edu.cn/pages/liyongqiang,  哈尔滨工业大学,  自动化系,  李永强
http://homepage.hit.edu.cn/pages/jiangbinhao,  哈尔滨工业大学,  自动化系,  江滨浩
http://homepage.hit.edu.cn/pages/sunlishan,  哈尔滨工业大学,  自动化系,  孙立山
http://homepage.hit.edu.cn/qichao,  哈尔滨工业大学,  自动化系,  齐　超
http://homepage.hit.edu.cn/pages/fenmiao,  哈尔滨工业大学,  自动化系,  刘洪臣
http://homepage.hit.edu.cn/pages/hitjinzhao,  哈尔滨工业大学,  自动化系,  金　钊
http://homepage.hit.edu.cn/pages/epeng,  哈尔滨工业大学,  自动化系,  鄂　鹏
http://homepage.hit.edu.cn/pages/zhouxue,  哈尔滨工业大学,  自动化系,  周　学
http://homepage.hit.edu.cn/IBIC,  哈尔滨工业大学,  自动化系,  由佳欣
http://homepage.hit.edu.cn/pages/huoju,  哈尔滨工业大学,  自动化系,  霍　炬
http://homepage.hit.edu.cn/pages/yangshiyan,  哈尔滨工业大学,  自动化系,  杨世彦
http://homepage.hit.edu.cn/pages/fenhongqi,  哈尔滨工业大学,  自动化系,  贲洪奇
http://homepage.hit.edu.cn/pages/zoujiming,  哈尔滨工业大学,  自动化系,  邹继明
http://homepage.hit.edu.cn/pages/wangwei,  哈尔滨工业大学,  自动化系,  王　卫
http://homepage.hit.edu.cn/pages/zhengxuemei/1,  哈尔滨工业大学,  自动化系,  郑雪梅
http://homepage.hit.edu.cn/pages/zhangjihong,  哈尔滨工业大学,  自动化系,  张继红
http://homepage.hit.edu.cn/pages/lihy,  哈尔滨工业大学,  自动化系,  李浩昱
http://homepage.hit.edu.cn/pages/jiangsanyong,  哈尔滨工业大学,  自动化系,  姜三勇 
http://homepage.hit.edu.cn/pages/wujianqiang,  哈尔滨工业大学,  自动化系,  吴建强
http://homepage.hit.edu.cn/pages/liuguihua/1,  哈尔滨工业大学,  自动化系,  刘桂花
http://homepage.hit.edu.cn/pages/yangv,  哈尔滨工业大学,  自动化系,  杨　威
http://homepage.hit.edu.cn/liuhongpeng,  哈尔滨工业大学,  自动化系,  刘鸿鹏
http://homepage.hit.edu.cn/pages/wangshujuan,  哈尔滨工业大学,  自动化系,  王淑娟
http://homepage.hit.edu.cn/pages/yangchunling,  哈尔滨工业大学,  自动化系,  杨春玲
http://homepage.hit.edu.cn/pages/qiming,  哈尔滨工业大学,  自动化系,  齐　明
http://homepage.hit.edu.cn/pages/wanglixin,  哈尔滨工业大学,  自动化系,  王立欣
http://homepage.hit.edu.cn/pages/yuyong,  哈尔滨工业大学,  自动化系,  于　泳
http://homepage.hit.edu.cn/pages/liuguidong,  哈尔滨工业大学,  自动化系,  刘贵栋
http://homepage.hit.edu.cn/pages/zhumin,  哈尔滨工业大学,  自动化系,  朱　敏
http://homepage.hit.edu.cn/pages/yrf,  哈尔滨工业大学,  自动化系,  杨荣峰
http://homepage.hit.edu.cn/pages/taojy,  哈尔滨工业大学,  自动化系,  陶隽源
http://homepage.hit.edu.cn/pages/lvchao,  哈尔滨工业大学,  自动化系,  吕　超
http://homepage.hit.edu.cn/pages/kanglei,  哈尔滨工业大学,  自动化系,  康　磊
http://homepage.hit.edu.cn/pages/zyhit,  哈尔滨工业大学,  自动化系,  张　岩
http://homepage.hit.edu.cn/pages/gang,  哈尔滨工业大学,  自动化系,  张　刚
http://homepage.hit.edu.cn/pages/xudianguo,  哈尔滨工业大学,  自动化系,  徐殿国
http://homepage.hit.edu.cn/pages/wangmingyan,  哈尔滨工业大学,  自动化系,  王明彦
http://homepage.hit.edu.cn/pages/gaoqiang,  哈尔滨工业大学,  自动化系,  高　强
http://homepage.hit.edu.cn/pages/liuxiaosheng,  哈尔滨工业大学,  自动化系,  刘晓胜
http://homepage.hit.edu.cn/pages/goldpond,  哈尔滨工业大学,  自动化系,  王立国
http://homepage.hit.edu.cn/pages/fengyong,  哈尔滨工业大学,  自动化系,  冯　勇
http://homepage.hit.edu.cn/pages/chenhongjun,  哈尔滨工业大学,  自动化系,  陈宏钧
http://homepage.hit.edu.cn/pages/yangming78,  哈尔滨工业大学,  自动化系,  杨　明
http://homepage.hit.edu.cn/pages/chenping,  哈尔滨工业大学,  自动化系,  陈　平
http://homepage.hit.edu.cn/pages/xianguogui,  哈尔滨工业大学,  自动化系,  贵献国
http://homepage.hit.edu.cn/zhangxiangjun,  哈尔滨工业大学,  自动化系,  张相军
http://homepage.hit.edu.cn/pages/wujian,  哈尔滨工业大学,  自动化系,  武　健
http://homepage.hit.edu.cn/pages/wanggaolin,  哈尔滨工业大学,  自动化系,  王高林
http://homepage.hit.edu.cn/pages/zxghit,  哈尔滨工业大学,  自动化系,  张学广
http://homepage.hit.edu.cn/pages/wangyijie,  哈尔滨工业大学,  自动化系,  王懿杰
http://homepage.hit.edu.cn/pages/chengshukang,  哈尔滨工业大学,  自动化系,  程树康
http://homepage.hit.edu.cn/pages/cuishumei,  哈尔滨工业大学,  自动化系,  崔淑梅
http://homepage.hit.edu.cn/pages/liliyi,  哈尔滨工业大学,  自动化系,  李立毅
http://homepage.hit.edu.cn/pages/zhengping,  哈尔滨工业大学,  自动化系,  郑　萍
http://homepage.hit.edu.cn/pages/koubaoquan,  哈尔滨工业大学,  自动化系,  寇宝泉
http://homepage.hit.edu.cn/pages/songliwei,  哈尔滨工业大学,  自动化系,  宋立伟
http://homepage.hit.edu.cn/pages/chaifeng,  哈尔滨工业大学,  自动化系,  柴　凤
http://homepage.hit.edu.cn/pages/zhangqf,  哈尔滨工业大学,  自动化系,  张千帆
http://homepage.hit.edu.cn/pages/wuhongxing,  哈尔滨工业大学,  自动化系,  吴红星
http://homepage.hit.edu.cn/pages/yuyanjun,  哈尔滨工业大学,  自动化系,  于艳君
http://homepage.hit.edu.cn/pages/chenlei,  哈尔滨工业大学,  自动化系,  陈　磊
http://homepage.hit.edu.cn/pages/wushaopeng,  哈尔滨工业大学,  自动化系,  吴绍朋
http://homepage.hit.edu.cn/pages/liujiaxi,  哈尔滨工业大学,  自动化系,  刘家曦
http://homepage.hit.edu.cn/pages/tongchengde,  哈尔滨工业大学,  自动化系,  佟诚德
http://homepage.hit.edu.cn/pages/zhangchengming,  哈尔滨工业大学,  自动化系,  张成明
http://homepage.hit.edu.cn/pages/wangtiecheng,  哈尔滨工业大学,  自动化系,  王铁成
http://homepage.hit.edu.cn/pages/zhanglu,  哈尔滨工业大学,  自动化系,  张　鲁
http://homepage.hit.edu.cn/pages/zhanghe,  哈尔滨工业大学,  自动化系,  张　赫
http://homepage.hit.edu.cn/pages/sunli,  哈尔滨工业大学,  自动化系,  孙　力
http://homepage.hit.edu.cn/pages/yangguijie,  哈尔滨工业大学,  自动化系,  杨贵杰
http://homepage.hit.edu.cn/pages/litiecai,  哈尔滨工业大学,  自动化系,  李铁才
http://homepage.hit.edu.cn/pages/zhaoke,  哈尔滨工业大学,  自动化系,  赵　克
http://homepage.hit.edu.cn/pages/shimeng,  哈尔滨工业大学,  自动化系,  吴凤江
http://homepage.hit.edu.cn/pages/sunlz,  哈尔滨工业大学,  自动化系,  孙立志
http://homepage.hit.edu.cn/pages/sujianyong,  哈尔滨工业大学,  自动化系,  苏健勇
http://homepage.hit.edu.cn/pages/anquntao,  哈尔滨工业大学,  自动化系,  安群涛
http://homepage.hit.edu.cn/pages/duanjiandong,  哈尔滨工业大学,  自动化系,  段建东
http://homepage.hit.edu.cn/pages/zoujibin,  哈尔滨工业大学,  自动化系,  邹继斌
http://homepage.hit.edu.cn/pages/liyong611,  哈尔滨工业大学,  自动化系,  李　勇
http://homepage.hit.edu.cn/pages/shagnjing,  哈尔滨工业大学,  自动化系,  尚　静
http://homepage.hit.edu.cn/pages/xuyx,  哈尔滨工业大学,  自动化系,  徐永向
http://homepage.hit.edu.cn/pages/hujianhui,  哈尔滨工业大学,  自动化系,  胡建辉
http://homepage.hit.edu.cn/pages/liuchengjun,  哈尔滨工业大学,  自动化系,  刘承军
http://homepage.hit.edu.cn/pages/jiangshanlin,  哈尔滨工业大学,  自动化系,  江善林
http://homepage.hit.edu.cn/pages/liangweiyan,  哈尔滨工业大学,  自动化系,  梁维燕
http://homepage.hit.edu.cn/pages/zhaomeng,  哈尔滨工业大学,  自动化系,  赵　猛
http://homepage.hit.edu.cn/pages/wangqian,  哈尔滨工业大学,  自动化系,  王　骞
http://homepage.hit.edu.cn/pages/wangbaochao,  哈尔滨工业大学,  自动化系,  王宝超
http://homepage.hit.edu.cn/pages/tongweiming,  哈尔滨工业大学,  自动化系,  佟为明
http://homepage.hit.edu.cn/pages/liuyong,  哈尔滨工业大学,  自动化系,  刘　勇
http://homepage.hit.edu.cn/pages/lzwhit,  哈尔滨工业大学,  自动化系,  李中伟
http://homepage.hit.edu.cn/pages/jinxianji,  哈尔滨工业大学,  自动化系,  金显吉
http://homepage.hit.edu.cn/pages/zhaiguofu,  哈尔滨工业大学,  自动化系,  翟国富
http://homepage.hit.edu.cn/pages/lianghuimin,  哈尔滨工业大学,  自动化系,  梁慧敏
http://homepage.hit.edu.cn/pages/renwb,  哈尔滨工业大学,  自动化系,  任万滨
http://homepage.hit.edu.cn/pages/yangwenying,  哈尔滨工业大学,  自动化系,  杨文英
http://homepage.hit.edu.cn/pages/yexuerong,  哈尔滨工业大学,  自动化系,  叶雪荣
http://homepage.hit.edu.cn/pages/yujilai,  哈尔滨工业大学,  自动化系,  于继来
http://homepage.hit.edu.cn/pages/jiyanchao,  哈尔滨工业大学,  自动化系,  纪延超
http://homepage.hit.edu.cn/pages/zhousuquan,  哈尔滨工业大学,  自动化系,  周苏荃
http://homepage.hit.edu.cn/pages/lizhimin,  哈尔滨工业大学,  自动化系,  李志民
http://homepage.hit.edu.cn/pages/hulinxian,  哈尔滨工业大学,  自动化系,  胡林献
http://homepage.hit.edu.cn/pages/guoyufeng,  哈尔滨工业大学,  自动化系,  郭钰锋
http://homepage.hit.edu.cn/pages/guozhizhong,  哈尔滨工业大学,  自动化系,  郭志忠
http://homepage.hit.edu.cn/pages/liuruiye,  哈尔滨工业大学,  自动化系,  刘瑞叶
http://homepage.hit.edu.cn/pages/baixuefeng,  哈尔滨工业大学,  自动化系,  白雪峰
http://homepage.hit.edu.cn/pages/wxli,  哈尔滨工业大学,  自动化系,  李卫星
http://homepage.hit.edu.cn/pages/shenyan,  哈尔滨工业大学,  自动化系,  申　岩
http://homepage.hit.edu.cn/pages/zhangchaohai,  哈尔滨工业大学,  自动化系,  张潮海
http://homepage.hit.edu.cn/pages/wangyanmin,  哈尔滨工业大学,  自动化系,  王艳敏
http://cise.ecust.edu.cn/2016/1020/c7783a56773/page.htm, 华东理工大学,自动化系,李绍军
http://cise.ecust.edu.cn/2016/1020/c7783a56769/page.htm, 华东理工大学,自动化系,凌志浩
http://cise.ecust.edu.cn/2016/1020/c7783a56775/page.htm, 华东理工大学,自动化系,刘漫丹
http://cise.ecust.edu.cn/2016/1020/c7783a56778/page.htm, 华东理工大学,自动化系,牛玉刚
http://cise.ecust.edu.cn/2016/1020/c7783a56927/page.htm, 华东理工大学,自动化系,钱锋
http://cise.ecust.edu.cn/2016/1125/c7783a58305/page.htm, 华东理工大学,自动化系,唐 漾
http://cise.ecust.edu.cn/2016/1020/c7783a56789/page.htm, 华东理工大学,自动化系,王振雷
http://cise.ecust.edu.cn/2016/1020/c7783a56796/page.htm, 华东理工大学,自动化系,严怀成
http://cise.ecust.edu.cn/2016/1020/c7783a56926/page.htm, 华东理工大学,自动化系,钟伟民
http://cise.ecust.edu.cn/2016/1020/c7783a56776/page.htm, 华东理工大学,自动化系,罗健旭
http://cise.ecust.edu.cn/2016/1020/c7783a56788/page.htm, 华东理工大学,自动化系,田洲
http://cise.ecust.edu.cn/2016/1020/c7783a56777/page.htm, 华东理工大学,自动化系,杨文
http://cise.ecust.edu.cn/2016/1020/c7783a56783/page.htm, 华东理工大学,自动化系,张宇
http://cise.ecust.edu.cn/2016/1020/c7783a56771/page.htm, 华东理工大学,自动化系,杨超
http://cise.ecust.edu.cn/2016/1020/c7783a56787/page.htm, 华东理工大学,自动化系,金晶
http://cise.ecust.edu.cn/2016/1020/c7783a56785/page.htm, 华东理工大学,自动化系,张建华
http://cise.ecust.edu.cn/2016/1020/c7783a56770/page.htm, 华东理工大学,自动化系,和望利
http://cise.ecust.edu.cn/2016/1020/c7783a56772/page.htm, 华东理工大学,自动化系,王蓓
http://cise.ecust.edu.cn/2016/1020/c7783a56784/page.htm, 华东理工大学,自动化系,邹媛媛
http://auto.hust.edu.cn/info/1126/3597.htm, 华中科技大学,自动化学院,P.C.M
http://auto.hust.edu.cn/info/1126/3596.htm, 华中科技大学,自动化学院,曹治国
http://auto.hust.edu.cn/info/1126/3595.htm, 华中科技大学,自动化学院,陈友斌
http://auto.hust.edu.cn/info/1126/3594.htm, 华中科技大学,自动化学院,程善美
http://auto.hust.edu.cn/info/1126/3593.htm, 华中科技大学,自动化学院,邓忠华
http://auto.hust.edu.cn/info/1126/3592.htm, 华中科技大学,自动化学院,樊慧津
http://auto.hust.edu.cn/info/1126/3591.htm, 华中科技大学,自动化学院,方华京
http://auto.hust.edu.cn/info/1126/3590.htm, 华中科技大学,自动化学院,关治洪
http://auto.hust.edu.cn/info/1126/3589.htm, 华中科技大学,自动化学院,何际平
http://auto.hust.edu.cn/info/1126/3588.htm, 华中科技大学,自动化学院,胡汉平
http://auto.hust.edu.cn/info/1126/3587.htm, 华中科技大学,自动化学院,黄剑
http://auto.hust.edu.cn/info/1126/3586.htm, 华中科技大学,自动化学院,孔力
http://auto.hust.edu.cn/info/1126/3585.htm, 华中科技大学,自动化学院,李曦
http://auto.hust.edu.cn/info/1126/3584.htm, 华中科技大学,自动化学院,李叶松
http://auto.hust.edu.cn/info/1126/3583.htm, 华中科技大学,自动化学院,刘建国
http://auto.hust.edu.cn/info/1126/3582.htm, 华中科技大学,自动化学院,刘庆山
http://auto.hust.edu.cn/info/1126/3581.htm, 华中科技大学,自动化学院,刘文中
http://auto.hust.edu.cn/info/1126/3577.htm, 华中科技大学,自动化学院,罗云峰
http://auto.hust.edu.cn/info/1126/3576.htm, 华中科技大学,自动化学院,马杰
http://auto.hust.edu.cn/info/1126/3575.htm, 华中科技大学,自动化学院,潘林强
http://auto.hust.edu.cn/info/1126/3574.htm, 华中科技大学,自动化学院,桑农
http://auto.hust.edu.cn/info/1126/3573.htm, 华中科技大学,自动化学院,沈安文
http://auto.hust.edu.cn/info/1126/3572.htm, 华中科技大学,自动化学院,沈吟东
http://auto.hust.edu.cn/info/1126/3571.htm, 华中科技大学,自动化学院,苏厚胜
http://auto.hust.edu.cn/info/1126/3570.htm, 华中科技大学,自动化学院,谭山
http://auto.hust.edu.cn/info/1126/3569.htm, 华中科技大学,自动化学院,陶文兵
http://auto.hust.edu.cn/info/1126/3568.htm, 华中科技大学,自动化学院,田金文
http://auto.hust.edu.cn/info/1126/3567.htm, 华中科技大学,自动化学院,汪国有
http://auto.hust.edu.cn/info/1126/3566.htm, 华中科技大学,自动化学院,王红卫
http://auto.hust.edu.cn/info/1126/3565.htm, 华中科技大学,自动化学院,王小平
http://auto.hust.edu.cn/info/1126/3564.htm, 华中科技大学,自动化学院,王燕舞
http://auto.hust.edu.cn/info/1126/3563.htm, 华中科技大学,自动化学院,王永骥
http://auto.hust.edu.cn/info/1126/3562.htm, 华中科技大学,自动化学院,王岳环
http://auto.hust.edu.cn/info/1126/3561.htm, 华中科技大学,自动化学院,伍冬睿
http://auto.hust.edu.cn/info/1126/3560.htm, 华中科技大学,自动化学院,肖人彬
http://auto.hust.edu.cn/info/1126/3559.htm, 华中科技大学,自动化学院,徐金榜
http://auto.hust.edu.cn/info/1126/3558.htm, 华中科技大学,自动化学院,叶林
http://auto.hust.edu.cn/info/1126/3557.htm, 华中科技大学,自动化学院,尹泉
http://auto.hust.edu.cn/info/1126/3555.htm, 华中科技大学,自动化学院,袁烨
http://auto.hust.edu.cn/info/1126/3553.htm, 华中科技大学,自动化学院,曾志刚
http://auto.hust.edu.cn/info/1126/3551.htm, 华中科技大学,自动化学院,张海涛
http://auto.hust.edu.cn/info/1126/3548.htm, 华中科技大学,自动化学院,张天序
http://auto.hust.edu.cn/info/1126/3547.htm, 华中科技大学,自动化学院,张新宇
http://auto.hust.edu.cn/info/1126/3545.htm, 华中科技大学,自动化学院,赵金
http://auto.hust.edu.cn/info/1126/3543.htm, 华中科技大学,自动化学院,赵勇
http://auto.hust.edu.cn/info/1126/3540.htm, 华中科技大学,自动化学院,郑英
http://auto.hust.edu.cn/info/1126/3538.htm, 华中科技大学,自动化学院,钟胜
http://auto.hust.edu.cn/info/1126/3537.htm, 华中科技大学,自动化学院,周纯杰
http://auto.hust.edu.cn/info/1127/3655.htm, 华中科技大学,自动化学院,安乐
http://auto.hust.edu.cn/info/1127/3654.htm, 华中科技大学,自动化学院,蔡超
http://auto.hust.edu.cn/info/1127/3653.htm, 华中科技大学,自动化学院,陈曦
http://auto.hust.edu.cn/info/1127/3652.htm, 华中科技大学,自动化学院,陈智华
http://auto.hust.edu.cn/info/1127/3651.htm, 华中科技大学,自动化学院,陈忠
http://auto.hust.edu.cn/info/1127/3650.htm, 华中科技大学,自动化学院,葛俊锋
http://auto.hust.edu.cn/info/1127/3649.htm, 华中科技大学,自动化学院,韩守东
http://auto.hust.edu.cn/info/1127/3648.htm, 华中科技大学,自动化学院,何顶新
http://auto.hust.edu.cn/info/1127/3647.htm, 华中科技大学,自动化学院,洪流
http://auto.hust.edu.cn/info/1127/3646.htm, 华中科技大学,自动化学院,胡静
http://auto.hust.edu.cn/info/1127/3645.htm, 华中科技大学,自动化学院,胡晓娅
http://auto.hust.edu.cn/info/1127/3644.htm, 华中科技大学,自动化学院,李炜
http://auto.hust.edu.cn/info/1127/3643.htm, 华中科技大学,自动化学院,刘慧
http://auto.hust.edu.cn/info/1127/3642.htm, 华中科技大学,自动化学院,刘磊
http://auto.hust.edu.cn/info/1127/3641.htm, 华中科技大学,自动化学院,刘洋
http://auto.hust.edu.cn/info/1127/3640.htm, 华中科技大学,自动化学院,刘振元
http://auto.hust.edu.cn/info/1127/3639.htm, 华中科技大学,自动化学院,刘智伟
http://auto.hust.edu.cn/info/1127/3638.htm, 华中科技大学,自动化学院,明德烈
http://auto.hust.edu.cn/info/1127/3637.htm, 华中科技大学,自动化学院,欧阳敏
http://auto.hust.edu.cn/info/1127/3636.htm, 华中科技大学,自动化学院,彭刚
http://auto.hust.edu.cn/info/1127/3635.htm, 华中科技大学,自动化学院,祁超
http://auto.hust.edu.cn/info/1127/3634.htm, 华中科技大学,自动化学院,秦肖臻
http://auto.hust.edu.cn/info/1127/3633.htm, 华中科技大学,自动化学院,桑红石
http://auto.hust.edu.cn/info/1127/3632.htm, 华中科技大学,自动化学院,石晓龙
http://auto.hust.edu.cn/info/1127/3631.htm, 华中科技大学,自动化学院,孙志刚
http://auto.hust.edu.cn/info/1127/3630.htm, 华中科技大学,自动化学院,谭毅华
http://auto.hust.edu.cn/info/1127/3629.htm, 华中科技大学,自动化学院,王剑
http://auto.hust.edu.cn/info/1127/3628.htm, 华中科技大学,自动化学院,王祖喜
http://auto.hust.edu.cn/info/1127/3627.htm, 华中科技大学,自动化学院,魏丰
http://auto.hust.edu.cn/info/1127/3626.htm, 华中科技大学,自动化学院,温世平
http://auto.hust.edu.cn/info/1127/3625.htm, 华中科技大学,自动化学院,肖江文
http://auto.hust.edu.cn/info/1127/3624.htm, 华中科技大学,自动化学院,肖阳
http://auto.hust.edu.cn/info/1127/3623.htm, 华中科技大学,自动化学院,谢勇
http://auto.hust.edu.cn/info/1127/3622.htm, 华中科技大学,自动化学院,徐琦
http://auto.hust.edu.cn/info/1127/3621.htm, 华中科技大学,自动化学院,颜露新
http://auto.hust.edu.cn/info/1127/3620.htm, 华中科技大学,自动化学院,杨卫东
http://auto.hust.edu.cn/info/1127/3619.htm, 华中科技大学,自动化学院,余明晖
http://auto.hust.edu.cn/info/1127/3618.htm, 华中科技大学,自动化学院,曾伟
http://auto.hust.edu.cn/info/1127/3617.htm, 华中科技大学,自动化学院,张杰
http://auto.hust.edu.cn/info/1127/3616.htm, 华中科技大学,自动化学院,张钧
http://auto.hust.edu.cn/info/1127/3615.htm, 华中科技大学,自动化学院,张朴
http://auto.hust.edu.cn/info/1127/3614.htm, 华中科技大学,自动化学院,张征
http://auto.hust.edu.cn/info/1127/3613.htm, 华中科技大学,自动化学院,周成平
http://auto.hust.edu.cn/info/1127/3612.htm, 华中科技大学,自动化学院,周洪涛
http://auto.hust.edu.cn/info/1127/3611.htm, 华中科技大学,自动化学院,周剑岚
http://auto.hust.edu.cn/info/1127/3610.htm, 华中科技大学,自动化学院,周凯波
http://auto.hust.edu.cn/info/1127/3609.htm, 华中科技大学,自动化学院,朱明富
http://auto.hust.edu.cn/info/1127/3608.htm, 华中科技大学,自动化学院,邹腊梅
http://auto.hust.edu.cn/info/1127/3607.htm, 华中科技大学,自动化学院,左峥嵘
http://auto.hust.edu.cn/info/1128/3536.htm, 华中科技大学,自动化学院,陈阳
http://auto.hust.edu.cn/info/1128/3535.htm, 华中科技大学,自动化学院,程晶晶
http://auto.hust.edu.cn/info/1128/3534.htm, 华中科技大学,自动化学院,高常鑫
http://auto.hust.edu.cn/info/1128/3533.htm, 华中科技大学,自动化学院,胡若澜
http://auto.hust.edu.cn/info/1128/3532.htm, 华中科技大学,自动化学院,姜军
http://auto.hust.edu.cn/info/1128/3531.htm, 华中科技大学,自动化学院,蒋建华
http://auto.hust.edu.cn/info/1128/3530.htm, 华中科技大学,自动化学院,黎云
http://auto.hust.edu.cn/info/1128/3529.htm, 华中科技大学,自动化学院,刘雪明
http://auto.hust.edu.cn/info/1128/3528.htm, 华中科技大学,自动化学院,罗慧
http://auto.hust.edu.cn/info/1128/3527.htm, 华中科技大学,自动化学院,秦元庆
http://auto.hust.edu.cn/info/1128/3526.htm, 华中科技大学,自动化学院,王卓
http://auto.hust.edu.cn/info/1128/3525.htm, 华中科技大学,自动化学院,肖力
http://auto.hust.edu.cn/info/1128/3524.htm, 华中科技大学,自动化学院,张洪
http://auto.hust.edu.cn/info/1128/3523.htm, 华中科技大学,自动化学院,郑定富
http://202.119.85.163/open/TutorInfo.aspx?dsbh=05013&yxsh=110&zydm=081100,  南京理工大学,自动化系,李磊
http://202.119.85.163/open/TutorInfo.aspx?dsbh=07035&yxsh=110&zydm=081100,  南京理工大学,自动化系,黄炎焱
http://202.119.85.163/open/TutorInfo.aspx?dsbh=11073&yxsh=110&zydm=081100,  南京理工大学,自动化系,胡启洲
http://202.119.85.163/open/TutorInfo.aspx?dsbh=w036&yxsh=110&zydm=081100,  南京理工大学,自动化系,薛禹胜*#
http://202.119.85.163/open/TutorInfo.aspx?dsbh=w1211&yxsh=110&zydm=081100,  南京理工大学,自动化系,顾菊平*
http://202.119.85.163/open/TutorInfo.aspx?dsbh=w1502&yxsh=110&zydm=081100,  南京理工大学,自动化系,黄捷*
http://202.119.85.163/open/TutorInfo.aspx?dsbh=15087,  南京理工大学,自动化系,董怡
http://202.119.85.163/open/TutorInfo.aspx?dsbh=02076&yxsh=110&zydm=081101,  南京理工大学,自动化系,郭健
http://202.119.85.163/open/TutorInfo.aspx?dsbh=02088&yxsh=110&zydm=081101,  南京理工大学,自动化系,徐胜元
http://202.119.85.163/open/TutorInfo.aspx?dsbh=04087&yxsh=110&zydm=081101,  南京理工大学,自动化系,张捷
http://202.119.85.163/open/TutorInfo.aspx?dsbh=08044&yxsh=110&zydm=081101,  南京理工大学,自动化系,张益军
http://202.119.85.163/open/TutorInfo.aspx?dsbh=10095&yxsh=110&zydm=081101,  南京理工大学,自动化系,张保勇
http://202.119.85.163/open/TutorInfo.aspx?dsbh=11098&yxsh=110&zydm=081101,  南京理工大学,自动化系,王浩平
http://202.119.85.163/open/TutorInfo.aspx?dsbh=21378&yxsh=110&zydm=081101,  南京理工大学,自动化系,邹云
http://202.119.85.163/open/TutorInfo.aspx?dsbh=21430&yxsh=110&zydm=081101,  南京理工大学,自动化系,郭毓
http://202.119.85.163/open/TutorInfo.aspx?dsbh=21435&yxsh=110&zydm=081101,  南京理工大学,自动化系,陈庆伟
http://202.119.85.163/open/TutorInfo.aspx?dsbh=98055&yxsh=110&zydm=081101,  南京理工大学,自动化系,向峥嵘
http://202.119.85.163/open/TutorInfo.aspx?dsbh=w071&yxsh=110&zydm=081101,  南京理工大学,自动化系,陆国平*
http://202.119.85.163/open/TutorInfo.aspx?dsbh=w0902&yxsh=110&zydm=081101,  南京理工大学,自动化系,岳东*
http://202.119.85.163/open/TutorInfo.aspx?dsbh=w1002&yxsh=110&zydm=081101,  南京理工大学,自动化系,陈志强*
http://202.119.85.163/open/TutorInfo.aspx?dsbh=01013,  南京理工大学,自动化系,周川
http://202.119.85.163/open/TutorInfo.aspx?dsbh=01025,  南京理工大学,自动化系,彭富明
http://202.119.85.163/open/TutorInfo.aspx?dsbh=03044,  南京理工大学,自动化系,邹卫军
http://202.119.85.163/open/TutorInfo.aspx?dsbh=04086,  南京理工大学,自动化系,吴益飞
http://202.119.85.163/open/TutorInfo.aspx?dsbh=05008,  南京理工大学,自动化系,樊卫华
http://202.119.85.163/open/TutorInfo.aspx?dsbh=05026,  南京理工大学,自动化系,周凌柯
http://202.119.85.163/open/TutorInfo.aspx?dsbh=05027,  南京理工大学,自动化系,孙瑜
http://202.119.85.163/open/TutorInfo.aspx?dsbh=05032,  南京理工大学,自动化系,蔡晨晓
http://202.119.85.163/open/TutorInfo.aspx?dsbh=05039,  南京理工大学,自动化系,方斌
http://202.119.85.163/open/TutorInfo.aspx?dsbh=05126,  南京理工大学,自动化系,邢宗义
http://202.119.85.163/open/TutorInfo.aspx?dsbh=06109,  南京理工大学,自动化系,戚国庆
http://202.119.85.163/open/TutorInfo.aspx?dsbh=06153,  南京理工大学,自动化系,李胜
http://202.119.85.163/open/TutorInfo.aspx?dsbh=07018,  南京理工大学,自动化系,单梁
http://202.119.85.163/open/TutorInfo.aspx?dsbh=07036,  南京理工大学,自动化系,张永
http://202.119.85.163/open/TutorInfo.aspx?dsbh=07072,  南京理工大学,自动化系,蒋海峰
http://202.119.85.163/open/TutorInfo.aspx?dsbh=09120,  南京理工大学,自动化系,王军
http://202.119.85.163/open/TutorInfo.aspx?dsbh=10053,  南京理工大学,自动化系,马立丰
http://202.119.85.163/open/TutorInfo.aspx?dsbh=11001,  南京理工大学,自动化系,赵高鹏
http://202.119.85.163/open/TutorInfo.aspx?dsbh=11025,  南京理工大学,自动化系,杜宝珠
http://202.119.85.163/open/TutorInfo.aspx?dsbh=11099,  南京理工大学,自动化系,田杨
http://202.119.85.163/open/TutorInfo.aspx?dsbh=12097,  南京理工大学,自动化系,宋程
http://202.119.85.163/open/TutorInfo.aspx?dsbh=12136,  南京理工大学,自动化系,徐大波
http://202.119.85.163/open/TutorInfo.aspx?dsbh=13083,  南京理工大学,自动化系,马倩
http://202.119.85.163/open/TutorInfo.aspx?dsbh=21424,  南京理工大学,自动化系,王海梅
http://202.119.85.163/open/TutorInfo.aspx?dsbh=21484,  南京理工大学,自动化系,蔡卫峰
http://202.119.85.163/open/TutorInfo.aspx?dsbh=21502,  南京理工大学,自动化系,杜国平
http://202.119.85.163/open/TutorInfo.aspx?dsbh=97022,  南京理工大学,自动化系,李军
http://202.119.85.163/open/TutorInfo.aspx?dsbh=21431&yxsh=110&zydm=081102,  南京理工大学,自动化系,吴晓蓓
http://202.119.85.163/open/TutorInfo.aspx?dsbh=21433,  南京理工大学,自动化系,徐志良
http://202.119.85.163/open/TutorInfo.aspx?dsbh=07003&yxsh=110&zydm=081103,  南京理工大学,自动化系,刘光杰
http://202.119.85.163/open/TutorInfo.aspx?dsbh=21465&yxsh=110&zydm=081103,  南京理工大学,自动化系,王建宇
http://202.119.85.163/open/TutorInfo.aspx?dsbh=95089&yxsh=110&zydm=081103,  南京理工大学,自动化系,孙金生
http://202.119.85.163/open/TutorInfo.aspx?dsbh=w039&yxsh=110&zydm=081103,  南京理工大学,自动化系,潘成胜*
http://202.119.85.163/open/TutorInfo.aspx?dsbh=W0701&yxsh=110&zydm=081103,  南京理工大学,自动化系,戴跃伟*
http://202.119.85.163/open/TutorInfo.aspx?dsbh=03045,  南京理工大学,自动化系,秦华旺
http://202.119.85.163/open/TutorInfo.aspx?dsbh=04007,  南京理工大学,自动化系,郭玲
http://202.119.85.163/open/TutorInfo.aspx?dsbh=07093,  南京理工大学,自动化系,何新
http://202.119.85.163/open/TutorInfo.aspx?dsbh=11130,  南京理工大学,自动化系,苏智勇
http://202.119.85.163/open/TutorInfo.aspx?dsbh=21454,  南京理工大学,自动化系,蔡骅
http://202.119.85.163/open/TutorInfo.aspx?dsbh=21833,  南京理工大学,自动化系,孔建寿
http://202.119.85.163/open/TutorInfo.aspx?dsbh=96049,  南京理工大学,自动化系,茅耀斌
http://202.119.85.163/open/TutorInfo.aspx?dsbh=06054&yxsh=110&zydm=081105,  南京理工大学,自动化系,吴盘龙
http://202.119.85.163/open/TutorInfo.aspx?dsbh=06108&yxsh=110&zydm=081105,  南京理工大学,自动化系,李银伢
http://202.119.85.163/open/TutorInfo.aspx?dsbh=11098&yxsh=110&zydm=081105,  南京理工大学,自动化系,王浩平
http://202.119.85.163/open/TutorInfo.aspx?dsbh=13078&yxsh=110&zydm=081105,  南京理工大学,自动化系,付梦印
http://202.119.85.163/open/TutorInfo.aspx?dsbh=21416&yxsh=110&zydm=081105,  南京理工大学,自动化系,薄煜明
http://202.119.85.163/open/TutorInfo.aspx?dsbh=99001&yxsh=110&zydm=081105,  南京理工大学,自动化系,盛安冬
http://202.119.85.163/open/TutorInfo.aspx?dsbh=00028,  南京理工大学,自动化系,钱龙军
http://202.119.85.163/open/TutorInfo.aspx?dsbh=08047,  南京理工大学,自动化系,陈帅
http://202.119.85.163/open/TutorInfo.aspx?dsbh=21016,  南京理工大学,自动化系,朱岩
http://www.au.tsinghua.edu.cn/publish/au/1714/2011/20110222102545146166508/20110222102545146166508_.html, 清华大学,自动化系,吴 澄
http://www.au.tsinghua.edu.cn/publish/au/1714/2011/20110222112205887698468/20110222112205887698468_.html, 清华大学,自动化系,范玉顺
http://www.au.tsinghua.edu.cn/publish/au/1714/2011/20110222121300948315214/20110222121300948315214_.html, 清华大学,自动化系,柴跃廷
http://www.au.tsinghua.edu.cn/publish/au/1714/2011/20110222113018767950508/20110222113018767950508_.html, 清华大学,自动化系,宋士吉
http://www.au.tsinghua.edu.cn/publish/au/1714/2011/20110222113624685754304/20110222113624685754304_.html, 清华大学,自动化系,刘 民
http://www.au.tsinghua.edu.cn/publish/au/1714/2011/20110419115315724580284/20110419115315724580284_.html, 清华大学,自动化系,张和明
http://www.au.tsinghua.edu.cn/publish/au/1714/2011/20110419090818868350293/20110419090818868350293_.html, 清华大学,自动化系,范文慧
http://www.au.tsinghua.edu.cn/publish/au/1714/2011/20110419133452783840367/20110419133452783840367_.html, 清华大学,自动化系,刘 义
http://www.au.tsinghua.edu.cn/publish/au/1714/2013/20130409082803439440179/20130409082803439440179_.html, 清华大学,自动化系,张林鍹
http://www.au.tsinghua.edu.cn/publish/au/1714/2013/20130424095457121212732/20130424095457121212732_.html, 清华大学,自动化系,刘连臣
http://www.au.tsinghua.edu.cn/publish/au/1714/2011/20110222130634310712567/20110222130634310712567_.html, 清华大学,自动化系,王书宁
http://www.au.tsinghua.edu.cn/publish/au/1714/2011/20110222131430784534565/20110222131430784534565_.html, 清华大学,自动化系,张 毅
http://www.au.tsinghua.edu.cn/publish/au/1714/2011/20110413154632996313801/20110413154632996313801_.html, 清华大学,自动化系,赵千川
http://www.au.tsinghua.edu.cn/publish/au/1714/2011/20110222132103877405445/20110222132103877405445_.html, 清华大学,自动化系,张 佐
http://www.au.tsinghua.edu.cn/publish/au/1714/2011/20110423083650105893726/20110423083650105893726_.html, 清华大学,自动化系,姚丹亚
http://www.au.tsinghua.edu.cn/publish/au/1714/2011/20110419144217171815327/20110419144217171815327_.html, 清华大学,自动化系,陈 曦
http://www.au.tsinghua.edu.cn/publish/au/1714/2011/20110418093205827544073/20110418093205827544073_.html, 清华大学,自动化系,胡坚明
http://www.au.tsinghua.edu.cn/publish/au/1714/2012/20120319101443036169110/20120319101443036169110_.html, 清华大学,自动化系,李 力
http://www.au.tsinghua.edu.cn/publish/au/1714/2011/20110519095213139860963/20110519095213139860963_.html, 清华大学,自动化系,贾庆山
http://www.au.tsinghua.edu.cn/publish/au/1714/2011/20111230132729575445941/20111230132729575445941_.html, 清华大学,自动化系,夏 俐
http://www.au.tsinghua.edu.cn/publish/au/1714/2010/20101201195559195460414/20101201195559195460414_.html, 清华大学,自动化系,周东华
http://www.au.tsinghua.edu.cn/publish/au/1714/2011/20110222134925877325812/20110222134925877325812_.html, 清华大学,自动化系,黄德先
http://www.au.tsinghua.edu.cn/publish/au/1714/2011/20110222133243979384675/20110222133243979384675_.html, 清华大学,自动化系,叶 昊
http://www.au.tsinghua.edu.cn/publish/au/1714/2011/20110222133635709692932/20110222133635709692932_.html, 清华大学,自动化系,王 凌
http://www.au.tsinghua.edu.cn/publish/au/1714/2011/20110419134249480621255/20110419134249480621255_.html, 清华大学,自动化系,熊智华
http://www.au.tsinghua.edu.cn/publish/au/1714/2012/20120321134714720971924/20120321134714720971924_.html, 清华大学,自动化系,陈茂银
http://www.au.tsinghua.edu.cn/publish/au/1714/2011/20111227145213764677467/20111227145213764677467_.html, 清华大学,自动化系,何 潇
http://www.au.tsinghua.edu.cn/publish/au/1714/2011/20110222101354209844062/20110222101354209844062_.html, 清华大学,自动化系,李衍达
http://www.au.tsinghua.edu.cn/publish/au/1714/2011/20110323113010211834533/20110323113010211834533_.html, 清华大学,自动化系,张长水
http://www.au.tsinghua.edu.cn/publish/au/1714/2011/20110323105408606814635/20110323105408606814635_.html, 清华大学,自动化系,张学工
http://www.au.tsinghua.edu.cn/publish/au/1714/2011/20110323114832742281915/20110323114832742281915_.html, 清华大学,自动化系,周 杰
http://www.au.tsinghua.edu.cn/publish/au/1714/2011/20110413133827301938708/20110413133827301938708_.html, 清华大学,自动化系,陆文凯
http://www.au.tsinghua.edu.cn/publish/au/1714/2011/20110413130222238962863/20110413130222238962863_.html, 清华大学,自动化系,李 梢
http://www.au.tsinghua.edu.cn/publish/au/1714/2011/20110419135050094323216/20110419135050094323216_.html, 清华大学,自动化系,江 瑞
http://www.au.tsinghua.edu.cn/publish/au/1714/2011/20110518085351283944018/20110518085351283944018_.html, 清华大学,自动化系,高飞飞
http://www.au.tsinghua.edu.cn/publish/au/1714/2011/20110423081746101445375/20110423081746101445375_.html, 清华大学,自动化系,汪小我
http://www.au.tsinghua.edu.cn/publish/au/1714/2011/20110423100635503703791/20110423100635503703791_.html, 清华大学,自动化系,冯建江
http://www.au.tsinghua.edu.cn/publish/au/1714/2016/20160229104943061296929/20160229104943061296929_.html, 清华大学,自动化系,鲁继文
http://www.au.tsinghua.edu.cn/publish/au/1714/2011/20110715134403386791837/20110715134403386791837_.html, 清华大学,自动化系,古 槿
http://www.au.tsinghua.edu.cn/publish/au/1714/2011/20110531132622183176168/20110531132622183176168_.html, 清华大学,自动化系,李旭春
http://www.au.tsinghua.edu.cn/publish/au/1714/2011/20110419140556265315905/20110419140556265315905_.html, 清华大学,自动化系,曹 丽
http://www.au.tsinghua.edu.cn/publish/au/1714/2011/20110419141051525464296/20110419141051525464296_.html, 清华大学,自动化系,叶朝辉
http://www.au.tsinghua.edu.cn/publish/au/1714/2011/20110419141117974125942/20110419141117974125942_.html, 清华大学,自动化系,王 红
http://www.au.tsinghua.edu.cn/publish/au/1714/2011/20110815090721205712279/20110815090721205712279_.html, 清华大学,自动化系,任艳频
http://www.au.tsinghua.edu.cn/publish/au/1714/2011/20110413143948526459833/20110413143948526459833_.html, 清华大学,自动化系,李春文
http://www.au.tsinghua.edu.cn/publish/au/1714/2011/20110413154108162384218/20110413154108162384218_.html, 清华大学,自动化系,钟宜生
http://www.au.tsinghua.edu.cn/publish/au/1714/2011/20110413154409458632870/20110413154409458632870_.html, 清华大学,自动化系,周 彤
http://www.au.tsinghua.edu.cn/publish/au/1714/2011/20110413154503437266522/20110413154503437266522_.html, 清华大学,自动化系,杨 耕
http://www.au.tsinghua.edu.cn/publish/au/1714/2011/20110531155506956631225/20110531155506956631225_.html, 清华大学,自动化系,戴琼海
http://www.au.tsinghua.edu.cn/publish/au/1714/2011/20110419141945355326966/20110419141945355326966_.html, 清华大学,自动化系,陈 峰
http://www.au.tsinghua.edu.cn/publish/au/1714/2011/20110419142544944882788/20110419142544944882788_.html, 清华大学,自动化系,石宗英
http://www.au.tsinghua.edu.cn/publish/au/1714/2013/20130407082114428385629/20130407082114428385629_.html, 清华大学,自动化系,王焕钢
http://www.au.tsinghua.edu.cn/publish/au/1714/2011/20110419143017664332709/20110419143017664332709_.html, 清华大学,自动化系,吴热冰
http://www.au.tsinghua.edu.cn/publish/au/1714/2011/20110715102626255738410/20110715102626255738410_.html, 清华大学,自动化系,张 靖
http://www.au.tsinghua.edu.cn/publish/au/1714/2016/20160229104743187639705/20160229104743187639705_.html, 清华大学,自动化系,李一鹏
http://cfins.au.tsinghua.edu.cn/personalhg/xhguan/index_cn.htm, 清华大学,自动化系,管晓宏
http://www.au.tsinghua.edu.cn/publish/au/1714/2011/20110413154632996313801/20110413154632996313801_.html, 清华大学,自动化系,赵千川
http://www.au.tsinghua.edu.cn/publish/au/1714/2011/20110419144217171815327/20110419144217171815327_.html, 清华大学,自动化系,陈 曦
http://www.au.tsinghua.edu.cn/publish/au/1714/2011/20110519095213139860963/20110519095213139860963_.html, 清华大学,自动化系,贾庆山
http://www.au.tsinghua.edu.cn/publish/au/1714/2011/20111230132729575445941/20111230132729575445941_.html, 清华大学,自动化系,夏 俐
http://www.au.tsinghua.edu.cn/publish/au/1714/2011/20110413155019771740509/20110413155019771740509_.html, 清华大学,自动化系,宋靖雁
http://www.au.tsinghua.edu.cn/publish/au/1714/2016/20160525095846789616184/20160525095846789616184_.html, 清华大学,自动化系,梁  斌
http://www.au.tsinghua.edu.cn/publish/au/1714/2011/20110413154700555449282/20110413154700555449282_.html, 清华大学,自动化系,程 农
http://www.au.tsinghua.edu.cn/publish/au/1714/2011/20110412114810133417750/20110412114810133417750_.html, 清华大学,自动化系,李 清
http://www.au.tsinghua.edu.cn/publish/au/1714/2011/20110419134635845252582/20110419134635845252582_.html, 清华大学,自动化系,卓 晴
http://www.au.tsinghua.edu.cn/publish/au/1714/2011/20110418091836302968541/20110418091836302968541_.html, 清华大学,自动化系,程 朋
http://www.au.tsinghua.edu.cn/publish/au/1714/2011/20110419143803776883049/20110419143803776883049_.html, 清华大学,自动化系,赵明国
http://www.au.tsinghua.edu.cn/publish/au/1714/2011/20110413154503437266522/20110413154503437266522_.html, 清华大学,自动化系,杨 耕
http://www.au.tsinghua.edu.cn/publish/au/1714/2012/20120428081638830700172/20120428081638830700172_.html, 清华大学,自动化系,陆 耿
http://www.automation.sjtu.edu.cn/ShowPeople.aspx?info_id=1651&info_lb=590&flag=98, 上海交通大学,自动化系,蔡云泽
http://www.automation.sjtu.edu.cn/ShowPeople.aspx?info_id=1630&info_lb=590&flag=98, 上海交通大学,自动化系,曹希仁
http://www.automation.sjtu.edu.cn/ShowPeople.aspx?info_id=1521&info_lb=590&flag=98, 上海交通大学,自动化系,陈彩莲
http://www.automation.sjtu.edu.cn/ShowPeople.aspx?info_id=1422&info_lb=590&flag=98, 上海交通大学,自动化系,陈卫东
http://www.automation.sjtu.edu.cn/ShowPeople.aspx?info_id=1485&info_lb=590&flag=98, 上海交通大学,自动化系,方  涛
http://www.automation.sjtu.edu.cn/ShowPeople.aspx?info_id=2103&info_lb=590&flag=98, 上海交通大学,自动化系,傅  山
http://www.automation.sjtu.edu.cn/ShowPeople.aspx?info_id=1487&info_lb=590&flag=98, 上海交通大学,自动化系,关新平
http://www.automation.sjtu.edu.cn/ShowPeople.aspx?info_id=1666&info_lb=590&flag=98, 上海交通大学,自动化系,胡立生
http://www.automation.sjtu.edu.cn/ShowPeople.aspx?info_id=1492&info_lb=590&flag=98, 上海交通大学,自动化系,李建勋
http://www.automation.sjtu.edu.cn/ShowPeople.aspx?info_id=1670&info_lb=590&flag=98, 上海交通大学,自动化系,李  柠
http://www.automation.sjtu.edu.cn/ShowPeople.aspx?info_id=1493&info_lb=590&flag=98, 上海交通大学,自动化系,李少远
http://www.automation.sjtu.edu.cn/ShowPeople.aspx?info_id=1632&info_lb=590&flag=98, 上海交通大学,自动化系,林宗利
http://www.automation.sjtu.edu.cn/ShowPeople.aspx?info_id=1634&info_lb=590&flag=98, 上海交通大学,自动化系,龙承念
http://www.automation.sjtu.edu.cn/ShowPeople.aspx?info_id=1677&info_lb=590&flag=98, 上海交通大学,自动化系,卢俊国
http://www.automation.sjtu.edu.cn/ShowPeople.aspx?info_id=1636&info_lb=590&flag=98, 上海交通大学,自动化系,沈红斌
http://www.automation.sjtu.edu.cn/ShowPeople.aspx?info_id=1513&info_lb=590&flag=98, 上海交通大学,自动化系,苏剑波
http://www.automation.sjtu.edu.cn/ShowPeople.aspx?info_id=1631&info_lb=590&flag=98, 上海交通大学,自动化系,汪小帆
http://www.automation.sjtu.edu.cn/ShowPeople.aspx?info_id=1696&info_lb=590&flag=98, 上海交通大学,自动化系,王贺升
http://www.automation.sjtu.edu.cn/ShowPeople.aspx?info_id=1512&info_lb=590&flag=98, 上海交通大学,自动化系,王景成
http://www.automation.sjtu.edu.cn/ShowPeople.aspx?info_id=1699&info_lb=590&flag=98, 上海交通大学,自动化系,王利生
http://www.automation.sjtu.edu.cn/ShowPeople.aspx?info_id=1510&info_lb=590&flag=98, 上海交通大学,自动化系,席裕庚
http://www.automation.sjtu.edu.cn/ShowPeople.aspx?info_id=2521&info_lb=590&flag=98, 上海交通大学,自动化系,熊惠霖
http://www.automation.sjtu.edu.cn/ShowPeople.aspx?info_id=1947&info_lb=590&flag=98, 上海交通大学,自动化系,杨  博
http://www.automation.sjtu.edu.cn/ShowPeople.aspx?info_id=1710&info_lb=590&flag=98, 上海交通大学,自动化系,杨根科
http://www.automation.sjtu.edu.cn/ShowPeople.aspx?info_id=1519&info_lb=590&flag=98, 上海交通大学,自动化系,杨  杰
http://www.automation.sjtu.edu.cn/ShowPeople.aspx?info_id=1635&info_lb=590&flag=98, 上海交通大学,自动化系,杨  明
http://www.automation.sjtu.edu.cn/ShowPeople.aspx?info_id=1714&info_lb=590&flag=98, 上海交通大学,自动化系,杨煜普
http://www.automation.sjtu.edu.cn/ShowPeople.aspx?info_id=1517&info_lb=590&flag=98, 上海交通大学,自动化系,袁景淇
http://www.automation.sjtu.edu.cn/ShowPeople.aspx?info_id=1514&info_lb=590&flag=98, 上海交通大学,自动化系,张卫东
http://www.automation.sjtu.edu.cn/ShowPeople.aspx?info_id=1719&info_lb=590&flag=98, 上海交通大学,自动化系,赵群飞
http://www.automation.sjtu.edu.cn/ShowPeople.aspx?info_id=1654&info_lb=590&flag=98, 上海交通大学,自动化系,陈  坚
http://www.automation.sjtu.edu.cn/ShowPeople.aspx?info_id=2130&info_lb=590&flag=98, 上海交通大学,自动化系,戴文斌
http://www.automation.sjtu.edu.cn/ShowPeople.aspx?info_id=1657&info_lb=590&flag=98, 上海交通大学,自动化系,杜秀华
http://www.automation.sjtu.edu.cn/ShowPeople.aspx?info_id=1658&info_lb=590&flag=98, 上海交通大学,自动化系,范启富
http://www.automation.sjtu.edu.cn/ShowPeople.aspx?info_id=1660&info_lb=590&flag=98, 上海交通大学,自动化系,方兴其
http://www.automation.sjtu.edu.cn/ShowPeople.aspx?info_id=2470&info_lb=590&flag=98, 上海交通大学,自动化系,高  岳
http://www.automation.sjtu.edu.cn/ShowPeople.aspx?info_id=1965&info_lb=590&flag=98, 上海交通大学,自动化系,宫  亮
http://www.automation.sjtu.edu.cn/ShowPeople.aspx?info_id=2498&info_lb=590&flag=98, 上海交通大学,自动化系,何建平
http://www.automation.sjtu.edu.cn/ShowPeople.aspx?info_id=1664&info_lb=590&flag=98, 上海交通大学,自动化系,何  星
http://www.automation.sjtu.edu.cn/ShowPeople.aspx?info_id=2418&info_lb=590&flag=98, 上海交通大学,自动化系,黄晓霖
http://www.automation.sjtu.edu.cn/ShowPeople.aspx?info_id=1668&info_lb=590&flag=98, 上海交通大学,自动化系,李德伟
http://www.automation.sjtu.edu.cn/ShowPeople.aspx?info_id=1678&info_lb=590&flag=98, 上海交通大学,自动化系,路林吉
http://www.automation.sjtu.edu.cn/ShowPeople.aspx?info_id=1685&info_lb=590&flag=98, 上海交通大学,自动化系,乔  宇
http://www.automation.sjtu.edu.cn/ShowPeople.aspx?info_id=1686&info_lb=590&flag=98, 上海交通大学,自动化系,屈卫东
http://www.automation.sjtu.edu.cn/ShowPeople.aspx?info_id=1689&info_lb=590&flag=98, 上海交通大学,自动化系,施  亮
http://www.automation.sjtu.edu.cn/ShowPeople.aspx?info_id=1691&info_lb=590&flag=98, 上海交通大学,自动化系,孙  敏
http://www.automation.sjtu.edu.cn/ShowPeople.aspx?info_id=1694&info_lb=590&flag=98, 上海交通大学,自动化系,王  冰
http://www.automation.sjtu.edu.cn/ShowPeople.aspx?info_id=1695&info_lb=590&flag=98, 上海交通大学,自动化系,王  豪
http://www.automation.sjtu.edu.cn/ShowPeople.aspx?info_id=1698&info_lb=590&flag=98, 上海交通大学,自动化系,王景川
http://www.automation.sjtu.edu.cn/ShowPeople.aspx?info_id=1701&info_lb=590&flag=98, 上海交通大学,自动化系,王  琳
http://www.automation.sjtu.edu.cn/ShowPeople.aspx?info_id=1702&info_lb=590&flag=98, 上海交通大学,自动化系,王  伟
http://www.automation.sjtu.edu.cn/ShowPeople.aspx?info_id=1912&info_lb=590&flag=98, 上海交通大学,自动化系,王易因
http://www.automation.sjtu.edu.cn/ShowPeople.aspx?info_id=1703&info_lb=590&flag=98, 上海交通大学,自动化系,翁正新
http://www.automation.sjtu.edu.cn/ShowPeople.aspx?info_id=1704&info_lb=590&flag=98, 上海交通大学,自动化系,邬  晶
http://www.automation.sjtu.edu.cn/ShowPeople.aspx?info_id=1959&info_lb=590&flag=98, 上海交通大学,自动化系,吴开杰
http://www.automation.sjtu.edu.cn/ShowPeople.aspx?info_id=2104&info_lb=590&flag=98, 上海交通大学,自动化系,吴  奇
http://www.automation.sjtu.edu.cn/ShowPeople.aspx?info_id=1707&info_lb=590&flag=98, 上海交通大学,自动化系,严京旗
http://www.automation.sjtu.edu.cn/ShowPeople.aspx?info_id=1708&info_lb=590&flag=98, 上海交通大学,自动化系,阎威武
http://www.automation.sjtu.edu.cn/ShowPeople.aspx?info_id=1715&info_lb=590&flag=98, 上海交通大学,自动化系,姚莉秀
http://www.automation.sjtu.edu.cn/ShowPeople.aspx?info_id=1958&info_lb=590&flag=98, 上海交通大学,自动化系,赵  旭
http://www.automation.sjtu.edu.cn/ShowPeople.aspx?info_id=1721&info_lb=590&flag=98, 上海交通大学,自动化系,赵宇明
http://www.automation.sjtu.edu.cn/ShowPeople.aspx?info_id=2290&info_lb=590&flag=98, 上海交通大学,自动化系,郑  毅
http://www.automation.sjtu.edu.cn/ShowPeople.aspx?info_id=1722&info_lb=590&flag=98, 上海交通大学,自动化系,周  越
http://www.automation.sjtu.edu.cn/ShowPeople.aspx?info_id=1723&info_lb=590&flag=98, 上海交通大学,自动化系,朱兰娟
http://www.automation.sjtu.edu.cn/ShowPeople.aspx?info_id=2503&info_lb=590&flag=98, 上海交通大学,自动化系,邹媛媛
http://www.automation.sjtu.edu.cn/ShowPeople.aspx?info_id=1656&info_lb=590&flag=98, 上海交通大学,自动化系,陈友仁
http://www.automation.sjtu.edu.cn/ShowPeople.aspx?info_id=1667&info_lb=590&flag=98, 上海交通大学,自动化系,霍  宏
http://www.automation.sjtu.edu.cn/ShowPeople.aspx?info_id=1681&info_lb=590&flag=98, 上海交通大学,自动化系,庞溟舟
http://www.automation.sjtu.edu.cn/ShowPeople.aspx?info_id=1692&info_lb=590&flag=98, 上海交通大学,自动化系,万卫兵
http://www.automation.sjtu.edu.cn/ShowPeople.aspx?info_id=2293&info_lb=590&flag=98, 上海交通大学,自动化系,朱善迎
http://www.automation.sjtu.edu.cn/ShowPeople.aspx?info_id=2304&info_lb=590&flag=98, 上海交通大学,自动化系,曹  杰
http://www.automation.sjtu.edu.cn/ShowPeople.aspx?info_id=2307&info_lb=590&flag=98, 上海交通大学,自动化系,傅桂元
http://www.automation.sjtu.edu.cn/ShowPeople.aspx?info_id=2468&info_lb=590&flag=98, 上海交通大学,自动化系,谷朝臣
http://www.automation.sjtu.edu.cn/ShowPeople.aspx?info_id=2306&info_lb=590&flag=98, 上海交通大学,自动化系,李元龙
http://www.automation.sjtu.edu.cn/ShowPeople.aspx?info_id=2469&info_lb=590&flag=98, 上海交通大学,自动化系,卢建波
http://www.automation.sjtu.edu.cn/ShowPeople.aspx?info_id=2305&info_lb=590&flag=98, 上海交通大学,自动化系,陆燕玉
http://www.tju.edu.cn/seea/szdw/zdhx/201609/t20160905_285187.htm, 天津大学,自动化系,丁红兵
http://www.tju.edu.cn/seea/szdw/zdhx/201610/t20161011_286340.htm, 天津大学,自动化系,马书根
http://www.tju.edu.cn/seea/szdw/zdhx/201610/t20161011_286335.htm, 天津大学,自动化系,于海涛
http://www.tju.edu.cn/seea/szdw/zdhx/201610/t20161010_286305.htm, 天津大学,自动化系,车延博
http://www.tju.edu.cn/seea/szdw/zdhx/201606/t20160614_281332.htm, 天津大学,自动化系,邓斌
http://www.tju.edu.cn/seea/szdw/zdhx/201610/t20161011_286342.htm, 天津大学,自动化系,王超
http://www.tju.edu.cn/seea/szdw/zdhx/201610/t20161012_286405.htm, 天津大学,自动化系,王江
http://www.tju.edu.cn/seea/szdw/zdhx/201610/t20161011_286346.htm, 天津大学,自动化系,王议锋
http://www.tju.edu.cn/seea/szdw/zdhx/201606/t20160615_281415.htm, 天津大学,自动化系,田栢苓
http://www.tju.edu.cn/seea/szdw/zdhx/201702/t20170224_290422.htm, 天津大学,自动化系,左志强
http://www.tju.edu.cn/seea/szdw/zdhx/201606/t20160601_273783.htm, 天津大学,自动化系,齐俊桐
http://www.tju.edu.cn/seea/szdw/zdhx/201702/t20170224_290411.htm, 天津大学,自动化系,任超
http://www.tju.edu.cn/seea/szdw/zdhx/201610/t20161014_286534.htm, 天津大学,自动化系,孙宏军
http://www.tju.edu.cn/seea/szdw/zdhx/201704/t20170407_293457.htm, 天津大学,自动化系,孙立军
http://www.tju.edu.cn/seea/szdw/zdhx/201610/t20161012_286407.htm, 天津大学,自动化系,许燕斌
http://www.tju.edu.cn/seea/szdw/zdhx/201702/t20170224_290410.htm, 天津大学,自动化系,何熠
http://seea.tju.edu.cn/tea_about.php?teaId=180, 天津大学,自动化系,李长滨
http://www.tju.edu.cn/seea/szdw/zdhx/201610/t20161031_287245.htm, 天津大学,自动化系,李冬辉
http://www.tju.edu.cn/seea/szdw/zdhx/201610/t20161014_286533.htm, 天津大学,自动化系,李刚
http://seea.tju.edu.cn/tea_about.php?teaId=67, 天津大学,自动化系,肖亮
http://www.tju.edu.cn/seea/szdw/zdhx/201702/t20170224_290420.htm, 天津大学,自动化系,吴爱国
http://seea.tju.edu.cn/tea_about.php?teaId=176, 天津大学,自动化系,张大鹏
http://www.tju.edu.cn/seea/szdw/zdhx/201610/t20161012_286406.htm, 天津大学,自动化系,张国山
http://www.tju.edu.cn/seea/szdw/zdhx/201610/t20161011_286345.htm, 天津大学,自动化系,张镇
http://www.tju.edu.cn/seea/szdw/zdhx/201702/t20170224_290417.htm, 天津大学,自动化系,金宁德
http://www.tju.edu.cn/seea/szdw/zdhx/201610/t20161011_286341.htm, 天津大学,自动化系,孟庆浩
http://www.tju.edu.cn/seea/szdw/zdhx/201606/t20160603_273835.htm, 天津大学,自动化系,杨雄
http://www.tju.edu.cn/seea/szdw/zdhx/201610/t20161012_286413.htm, 天津大学,自动化系,郑丹丹
http://www.tju.edu.cn/seea/szdw/zdhx/201610/t20161010_286313.htm, 天津大学,自动化系,宗群
http://seea.tju.edu.cn/tea_about.php?teaId=74, 天津大学,自动化系,费向阳
http://www.tju.edu.cn/seea/szdw/zdhx/201610/t20161011_286344.htm, 天津大学,自动化系,胡超芳
http://www.tju.edu.cn/seea/szdw/zdhx/201610/t20161012_286423.htm, 天津大学,自动化系,高忠科
http://www.tju.edu.cn/seea/szdw/zdhx/201610/t20161020_286785.htm, 天津大学,自动化系,夏超英
http://www.tju.edu.cn/seea/szdw/zdhx/201610/t20161009_286244.htm, 天津大学,自动化系,徐英
http://www.tju.edu.cn/seea/szdw/zdhx/201610/t20161009_286243.htm, 天津大学,自动化系,董峰
http://www.tju.edu.cn/seea/szdw/zdhx/201703/t20170329_292997.htm, 天津大学,自动化系,龚惠兴
http://www.tju.edu.cn/seea/szdw/zdhx/201702/t20170224_290416.htm, 天津大学,自动化系,程泽
http://www.tju.edu.cn/seea/szdw/zdhx/201610/t20161012_286426.htm, 天津大学,自动化系,曾明
http://www.tju.edu.cn/seea/szdw/zdhx/201702/t20170224_290414.htm, 天津大学,自动化系,崔自强
http://www.tju.edu.cn/seea/szdw/zdhx/201610/t20161010_286311.htm, 天津大学,自动化系,董娜
http://www.tju.edu.cn/seea/szdw/zdhx/201702/t20170224_290413.htm, 天津大学,自动化系,窦立谦
http://www.tju.edu.cn/seea/szdw/zdhx/201610/t20161009_286247.htm, 天津大学,自动化系,谭超
http://www.tju.edu.cn/seea/szdw/zdhx/201702/t20170224_290415.htm, 天津大学,自动化系,鲜斌
http://www.tju.edu.cn/seea/szdw/zdhx/201610/t20161012_286415.htm, 天津大学,自动化系,翟路生
http://www.tju.edu.cn/seea/szdw/zdhx/201610/t20161011_286362.htm, 天津大学,自动化系,穆朝絮
http://www.tju.edu.cn/seea/szdw/zdhx/201701/t20170110_289808.htm, 天津大学,自动化系,薛婷
http://www.tju.edu.cn/seea/szdw/zdhx/201701/t20170103_289648.htm, 天津大学,自动化系,魏熙乐

